id,name,subtitle,keywords,category,pantry_min_days,pantry_max_days,pantry_note,fridge_min_days,fridge_max_days,fridge_note,freezer_min_days,freezer_max_days,freezer_note
1,Butter,,Butter,Dairy Products & Eggs,,,,30.0,60.0,,180.0,270.0,
2,Buttermilk,,Buttermilk,Dairy Products & Eggs,,,,7.0,14.0,,90.0,90.0,
3,Cheese,"hard such as cheddar, swiss, block parmesan","Cheese,cheddar, swiss,parmesan",Dairy Products & Eggs,,,,180.0,180.0,,180.0,180.0,
4,Cheese,parmesan; shredded or grated,"Cheese,parmesan,shredded,grated",Dairy Products & Eggs,,,,360.0,360.0,,,,Not Recommended
5,Cheese,"shredded; cheddar, mozzarella, etc.","Cheese,shredded,cheddar,mozzarella",Dairy Products & Eggs,,,,30.0,30.0,,90.0,120.0,
6,Cheese,processed slices,"Cheese,processed slices,slices,slice",Dairy Products & Eggs,,,,21.0,28.0,,,,Not Recommended
7,Cheese,"soft such as brie, bel paese, goat","Cheese,brie, bel paese, goat",Dairy Products & Eggs,,,,7.0,14.0,,180.0,180.0,
8,Coffee creamer,liquid refrigerated,"Coffee creamer,Coffee, creamer,liquid refrigerated",Dairy Products & Eggs,,,,21.0,21.0,,,,
9,Cottage cheese,,"Cottage cheese,cheese",Dairy Products & Eggs,,,,14.0,14.0,,,,Not Recommended
10,Cream cheese,,,Dairy Products & Eggs,,,,14.0,14.0,,,,Not Recommended
11,Cream,"whipping, ultrapasteurized","Cream,whipping,ultrapasteurized",Dairy Products & Eggs,,,,30.0,30.0,,,,Not Recommended
12,Cream,"whipped, sweetened","Cream,whipped, sweetened",Dairy Products & Eggs,,,,1.0,1.0,,30.0,60.0,
13,Cream,half and half,"Cream,half",Dairy Products & Eggs,,,,3.0,4.0,,120.0,120.0,
14,Cream,heavy,"Cream,heavy",Dairy Products & Eggs,,,,10.0,10.0,,90.0,120.0,
15,Cream,light,"Cream,light",Dairy Products & Eggs,,,,7.0,7.0,,90.0,120.0,
16,Dips,sour cream based,"Dips,sour cream based,sour,cream based,cream,dip",Dairy Products & Eggs,,,,14.0,14.0,,,,Not Recommended
17,Egg substitutes,liquid,"Egg substitutes,liquid,egg,substitutes,substitute",Dairy Products & Eggs,,,,7.0,7.0,,,,Not Recommended
20,Eggnog,commercial,"Eggnog,commercial,egg,nog",Dairy Products & Eggs,,,,3.0,5.0,,180.0,180.0,
21,Eggs,in shell,"Eggs,in shell,egg,shell",Dairy Products & Eggs,,,,21.0,35.0,,,,Not Recommended
22,Eggs,"raw whites, yolks","Eggs,raw whites, yolks,egg,whites",Dairy Products & Eggs,,,,2.0,4.0,,360.0,360.0,
23,Eggs,hard boiled cooked,"Eggs,egg,hard boiled cooked,boiled,hard boiled",Dairy Products & Eggs,,,,7.0,7.0,,,,Not Recommended
24,Egg dishes,,"Egg dishes,egg,dishes",Dairy Products & Eggs,,,,3.0,4.0,,60.0,90.0,
25,Kefir,fermented milk,"Kefir,fermented milk,milk,fermented",Dairy Products & Eggs,,,,7.0,7.0,,,,Not Recommended
26,Margarine,,Margarine,Dairy Products & Eggs,,,,180.0,180.0,,360.0,360.0,
27,Milk,plain or flavored,"Milk,plain,flavored,flavor",Dairy Products & Eggs,,,,,,Package use-by date,90.0,90.0,
28,Pudding,,Pudding,Dairy Products & Eggs,,,,,,Package use-by date,,,Not Recommended
29,Sour cream,,"Sour cream,cream,sour",Dairy Products & Eggs,,,,,,Package use-by date,,,Not Recommended
30,Whipped cream,aerosol can,"Whipped cream,cream,aerosol can,can",Dairy Products & Eggs,,,,21.0,28.0,,,,Not Recommended
31,Whipped topping,aerosol can,"Whipped topping,topping,aerosol can,can,whipped",Dairy Products & Eggs,,,,90.0,90.0,,,,Not Recommended
32,Whipped topping,tub,"Whipped topping,topping,tub,whipped",Dairy Products & Eggs,,,,14.0,14.0,,420.0,420.0,
33,Yogurt,,Yogurt,Dairy Products & Eggs,,,,7.0,14.0,,30.0,60.0,
34,Beef,"rib roast, bone-in","Beef,rib roast,bone-in,roast,bone,rib",Meat / Fresh,,,,3.0,5.0,,120.0,360.0,
35,Beef,"rib roast; boneless, rolled","Beef,rib roast,boneless,rolled,roast,rib",Meat / Fresh,,,,3.0,5.0,,120.0,360.0,
36,Beef,round or rump roast,"Beef,round,rump roast,roast",Meat / Fresh,,,,3.0,5.0,,120.0,360.0,
37,Beef,"tenderloin, whole","Beef,tenderloin,whole",Meat / Fresh,,,,3.0,5.0,,120.0,360.0,
38,Beef,"tenderloin, half","Beef,tenderloin,half",Meat / Fresh,,,,3.0,5.0,,120.0,360.0,
39,Beef,"chuck roast, brisket","Beef,chuck roast,roast,brisket",Meat / Fresh,,,,3.0,5.0,,120.0,360.0,
40,Beef,steaks,"Beef,steaks,steak",Meat / Fresh,,,,3.0,5.0,,120.0,360.0,
41,Beef,"stew, cubes","Beef,stew, cubes,cube",Meat / Fresh,,,,3.0,5.0,,120.0,360.0,
42,Beef,short ribs,"Beef,short ribs,ribs,rib",Meat / Fresh,,,,3.0,5.0,,120.0,360.0,
43,Beef,ground,"Beef,ground",Meat / Fresh,,,,1.0,2.0,,90.0,120.0,
44,Lamb,"leg, bone-in - small","Lamb,leg,bone-in - small,bone-in,bone",Meat / Fresh,,,,3.0,5.0,,120.0,360.0,
45,Lamb,"leg, bone-in - large","Lamb,leg,bone-in - large,bone-in,bone",Meat / Fresh,,,,3.0,5.0,,120.0,360.0,
46,Lamb,"leg; boneless, rolled","Lamb,leg,boneless,rolled,bone",Meat / Fresh,,,,3.0,5.0,,120.0,360.0,
47,Lamb,crown roast,"Lamb,crown roast,roast",Meat / Fresh,,,,3.0,5.0,,120.0,360.0,
48,Lamb,shoulder roast or shank leg half,"Lamb,shoulder roast,roast,shoulder,shank leg half,half,shank,shank leg,leg",Meat / Fresh,,,,3.0,5.0,,120.0,360.0,
49,Lamb,cubes for kabobs,"Lamb,cubes,kabobs,cube,kabob",Meat / Fresh,,,,3.0,5.0,,120.0,360.0,
50,Lamb,ground,"Lamb,ground",Meat / Fresh,,,,1.0,2.0,,90.0,120.0,
51,Lamb,"chops, ribs, or loin","Lamb,chops,ribs,loin,rib",Meat / Fresh,,,,3.0,5.0,,120.0,360.0,
52,Lamb,leg steaks,"Lamb,leg steaks,steaks,steak,leg",Meat / Fresh,,,,3.0,5.0,,120.0,360.0,
53,Lamb,"stew meat, pieces","Lamb,stew,pieces,stew meat,meat,piece",Meat / Fresh,,,,3.0,5.0,,120.0,360.0,
54,Lamb,shanks,"Lamb,shanks,shank",Meat / Fresh,,,,3.0,5.0,,120.0,360.0,
55,Lamb,"breast, rolled","Lamb,breast,rolled",Meat / Fresh,,,,3.0,5.0,,120.0,360.0,
56,Veal,"shoulder roast, boneless","Veal,shoulder,boneless,shoulder roast,roast",Meat / Fresh,,,,3.0,5.0,,120.0,360.0,
57,Veal,"leg rump or round roast, boneless","Veal,leg rump,rump,leg,round,round roast,roast,boneless",Meat / Fresh,,,,3.0,5.0,,120.0,360.0,
58,Veal,"loin roast, bone-in","Veal,loin roast,bone-in,roast,bone,loin",Meat / Fresh,,,,3.0,5.0,,120.0,360.0,
59,Veal,ground,"Veal,ground",Meat / Fresh,,,,1.0,2.0,,90.0,120.0,
60,Pork,"loin roast, bone-in","Pork,loin roast,bone-in,roast,bone,loin",Meat / Fresh,,,,3.0,5.0,,120.0,360.0,
61,Pork,"loin roast, boneless","Pork,loin,boneless,loin roast,roast",Meat / Fresh,,,,3.0,5.0,,120.0,360.0,
63,Pork,"loin chops, bone-in","Pork,loin chops,bone-in,chops,bone,loin",Meat / Fresh,,,,3.0,5.0,,120.0,360.0,
64,Pork,"loin chops, boneless","Pork,loin,boneless,loin chops,chops",Meat / Fresh,,,,3.0,5.0,,120.0,360.0,
65,Pork,crown roast - small,"Pork,roast,crown,crown roast - small,small,crown roast",Meat / Fresh,,,,3.0,5.0,,120.0,360.0,
66,Pork,crown roast - large,"Pork,roast,crown,crown roast - large,large,crown roast",Meat / Fresh,,,,3.0,5.0,,120.0,360.0,
67,Pork,tenderloin,"Pork,tenderloin",Meat / Fresh,,,,3.0,5.0,,120.0,360.0,
69,Pork,tenderloin medallions or loin cubes,"Pork,tenderloin,tenderloin medallions,loin cubes,medallion,loin cube,loin,medallions,cube,cubes",Meat / Fresh,,,,3.0,5.0,,120.0,360.0,
70,Goat,"tender whole cuts (legs, ribs, shoulder, loin)","Goat,tender whole cuts,legs,ribs,shoulder,loin,tender,whole cuts,leg,rib",Meat / Fresh,,,,3.0,5.0,,120.0,360.0,
71,Goat,"less tender whole cuts (stew meat, riblets, shanks)","Goat,less tender whole cuts,stew meat,stew,meat,riblets,shanks,whole cuts,tender,less tender",Meat / Fresh,,,,3.0,5.0,,120.0,360.0,
72,Pork,ribs,"Pork,ribs,rib",Meat / Fresh,,,,3.0,5.0,,120.0,360.0,
73,Pork,ground,"Pork,ground",Meat / Fresh,,,,1.0,2.0,,90.0,120.0,
74,Pork,shoulder,"Pork,shoulder",Meat / Fresh,,,,3.0,5.0,,120.0,360.0,
75,Pork,"loin, cubes","Pork,loin,cubes,cube",Meat / Fresh,,,,3.0,5.0,,120.0,360.0,
76,Venison,"round, rump, loin, or rib roast","Venison,rump,round,loin,rib,rib roast,roast",Meat / Fresh,,,,3.0,5.0,,120.0,360.0,
77,Variety meats,"liver, tongue, chitterlings, etc.","Variety meats,liver,tongue,chitterlings,meats,meat,chitterling",Meat / Fresh,,,,1.0,2.0,,90.0,120.0,
78,Goat,ground,"Goat,ground",Meat / Fresh,,,,1.0,2.0,,90.0,120.0,
79,Bacon,,Bacon,Meat / Smoked or Processed,,,,7.0,7.0,,30.0,30.0,
81,Corned beef,in pouch with pickling juices,"Corned beef,pouch,pickling juices,juices,juice",Meat / Smoked or Processed,,,,5.0,7.0,,30.0,30.0,
82,Ham,canned (“keep refrigerated” label),"Ham,canned,keep refrigerated,label,refrigerated",Meat / Smoked or Processed,,,,180.0,270.0,,,,Not Recommended
83,Ham,"fully cooked, bone-in, whole","Ham,fully cooked,bone-in,whole,cooked,bone",Meat / Smoked or Processed,,,,7.0,7.0,,30.0,60.0,
84,Ham,"fully cooked, bone-in, half","Ham,fully cooked,bone-in,half,cooked,bone",Meat / Smoked or Processed,,,,7.0,7.0,,30.0,60.0,
85,Ham,"fully cooked, slices, half, or spiral cut","Ham,fully cooked,slices,half,spiral cut,cooked,slice",Meat / Smoked or Processed,,,,3.0,4.0,,30.0,60.0,
86,Ham,"fully cooked, arm picnic shoulder, boneless","Ham,fully cooked,cooked,arm picnic shoulder,boneless,shoulder,arm picnic",Meat / Smoked or Processed,,,,7.0,7.0,,30.0,60.0,
87,Ham,"fully cooked, canned, boneless (refrigerated)","Ham,fully cooked,cooked,canned,boneless,refrigerated",Meat / Smoked or Processed,,,,180.0,270.0,,30.0,60.0,
88,Ham,"fully cooked, vacuum packed, boneless","Ham,fully cooked,cooked,vacuum packed,boneless",Meat / Smoked or Processed,,,,14.0,14.0,,30.0,60.0,
89,Ham,"fresh, cook-before-eating, bone-in, whole","Ham,fresh,cook-before-eating,bone-in,whole,bone",Meat / Smoked or Processed,,,,7.0,7.0,,30.0,60.0,
90,Ham,"fresh, cook-before-eating, bone-in, half","Ham,fresh,cook-before-eating,bone-in,half,bone",Meat / Smoked or Processed,,,,7.0,7.0,,30.0,60.0,
91,Ham,"fresh, cook-before-eating, shank or butt portion, bone-in","Ham,fresh,cook-before-eating,shank,butt portion,bone-in,bone",Meat / Smoked or Processed,,,,7.0,7.0,,30.0,60.0,
92,Ham,"fresh, cook-before-eating, arm picnic shoulder, boneless","Ham,fresh,cook-before-eating,before-eating,arm picnic shoulder,boneless,arm picnic,shoulder",Meat / Smoked or Processed,,,,7.0,7.0,,30.0,60.0,
93,Ham,"fresh, cook-before-eating, shoulder roll (butt), boneless","Ham,fresh,cook-before-eating,before-eating,shoulder roll,butt,boneless,roll",Meat / Smoked or Processed,,,,7.0,7.0,,30.0,60.0,
94,Ham,"fresh, uncooked, whole leg, bone-in","Ham,fresh,uncooked,whole leg,bone-in,cooked,leg,bone",Meat / Smoked or Processed,,,,7.0,7.0,,30.0,60.0,
95,Ham,"fresh, uncooked, whole leg, boneless","Ham,fresh,uncooked,whole leg,boneless,cooked,leg,bone",Meat / Smoked or Processed,,,,7.0,7.0,,30.0,60.0,
96,Ham,"fresh, uncooked, half leg, bone-in","Ham,fresh,uncooked,half leg,bone-in,bone,leg,cooked",Meat / Smoked or Processed,,,,7.0,7.0,,30.0,60.0,
97,Ham,country ham (whole or half),"Ham,country ham,whole,half",Meat / Smoked or Processed,,,,7.0,7.0,,30.0,60.0,
98,Hot dogs,,"Hot dogs,hot",Meat / Smoked or Processed,,,,14.0,14.0,,30.0,60.0,
102,Sausage,raw bulk type or patties,"Sausage,raw bulk type,patties,raw,patty",Meat / Smoked or Processed,,,,1.0,2.0,,30.0,60.0,
103,Sausage,"fully cooked smoked links, kielbasa","Sausage,fully cooked smoked links,kielbasa,smoked links,links,fully cooked,link",Meat / Smoked or Processed,,,,7.0,7.0,,30.0,60.0,
104,Sausage,"hard, dry (pepperoni), sliced","Sausage,hard,dry,pepperoni,sliced,slice,dry pepperoni",Meat / Smoked or Processed,,,,14.0,21.0,,30.0,60.0,
105,"Stuffed, raw pork chops",,"Stuffed,raw pork chops,chops,raw pork,pork",Meat / Stuffed or Assembled,,,,1.0,2.0,,270.0,270.0,
106,Raw kabobs with vegetables,,"Raw kabobs,vegetables,kabobs,kabob",Meat / Stuffed or Assembled,,,,1.0,2.0,,90.0,120.0,
107,Bacon,fully cooked,"Bacon,fully cooked,cooked",Meat / Shelf Stable Foods,180.0,180.0,,,,,,,
108,Ham,shelf-stable cans,"Ham,shelf stable cans,cans,shelf stable,shelf,stable,can",Meat / Shelf Stable Foods,180.0,270.0,,,,,,,
109,Jerky,commercially dried,"Jerky,commercially dried,dried",Meat / Shelf Stable Foods,360.0,360.0,,,,,,,
110,Jerky,homemade,"Jerky,homemade",Meat / Shelf Stable Foods,30.0,60.0,,30.0,60.0,,,,
111,Meat products,canned,"Meat products,products,canned,meat,product",Meat / Shelf Stable Foods,1825.0,1825.0,,,,,,,
112,Retort pouches or boxes,,"Retort pouches,boxes,box,retort,pouch",Meat / Shelf Stable Foods,,,,,,,,,
113,Chicken,whole,"Chicken,whole",Poultry / Fresh,,,,1.0,2.0,,360.0,360.0,
114,Turkey,whole,"Turkey,whole",Poultry / Fresh,,,,1.0,2.0,,360.0,360.0,
115,Ground turkey or chicken,,"Ground turkey,chicken,turkey",Poultry / Fresh,,,,1.0,2.0,,90.0,120.0,
116,Chicken parts,"breast halves, bone-in","Chicken parts,breast halves,bone-in,halves,bone,breast,chicken,half",Poultry / Fresh,,,,1.0,2.0,,270.0,270.0,
117,Chicken parts,"breast halves, boneless","Chicken parts,breast halves,boneless,chicken,breast,halves,half,bone",Poultry / Fresh,,,,1.0,2.0,,270.0,270.0,
118,Chicken parts,legs or thighs,"Chicken parts,legs,thighs,chicken,leg,thigh",Poultry / Fresh,,,,1.0,2.0,,270.0,270.0,
119,Turkey parts,"breast halves, bone-in","Turkey parts,breast halves,bone-in,halves,bone,breast,half,turkey",Poultry / Fresh,,,,1.0,2.0,,270.0,270.0,
120,Turkey parts,"breast halves, boneless","Turkey parts,breast,boneless,bone,turkey",Poultry / Fresh,,,,1.0,2.0,,270.0,270.0,
121,Turkey parts,legs or thighs,"Turkey parts,legs,thighs,turkey,leg,thigh",Poultry / Fresh,,,,1.0,2.0,,270.0,270.0,
123,Duckling,"domestic or wild, whole","Duckling,domestic,wild,whole",Poultry / Fresh,,,,1.0,2.0,,180.0,180.0,
125,Goose,"domestic or wild, whole","Goose,domestic,wild,whole",Poultry / Fresh,,,,1.0,2.0,,180.0,180.0,
126,Pheasant,"young, whole","Pheasant,young,whole",Poultry / Fresh,,,,1.0,2.0,,180.0,180.0,
127,Quail,whole,"Quail,whole",Poultry / Fresh,,,,1.0,2.0,,180.0,180.0,
128,Capon,whole,"Capon,whole",Poultry / Fresh,,,,1.0,2.0,,360.0,360.0,
129,Cornish Hens,whole,"Cornish Hens,Hens,whole,Hen",Poultry / Fresh,,,,1.0,2.0,,360.0,360.0,
130,Giblets,,"Giblets,giblet",Poultry / Fresh,,,,1.0,2.0,,90.0,120.0,
131,"Stuffed, raw chicken breasts",,"Stuffed,raw chicken breasts,breast,chicken,chicken breasts",Poultry / Stuffed or Assembled,,,,1.0,2.0,,270.0,270.0,
132,Raw kabobs with vegetables,,"Raw kabobs,vegetables,kabobs,kabob,vegetable",Poultry / Stuffed or Assembled,,,,1.0,2.0,,90.0,120.0,
133,Turducken,,Turducken,Poultry / Stuffed or Assembled,,,,,,Not Recommended,270.0,270.0,
134,"Chicken nuggets, patties",,"Chicken nuggets, patties,chicken,nuggets,nugget,patty",Poultry / Cooked or Processed,,,,,,,30.0,90.0,
135,Cooked poultry dishes,,"Cooked poultry dishes,poultry dishes,poultry",Poultry / Cooked or Processed,,,,3.0,4.0,,120.0,180.0,
136,Fried chicken,,"Fried chicken,chicken",Poultry / Cooked or Processed,,,,3.0,4.0,,120.0,120.0,
140,Poultry pieces,covered with gravy or broth,"Poultry pieces,gravy,broth,poultry,pieces,piece",Deli & Prepared Foods,,,,3.0,4.0,,30.0,60.0,
141,Rotisserie chicken,,"Rotisserie chicken,chicken,Rotisserie",Poultry / Cooked or Processed,,,,3.0,4.0,,120.0,120.0,
142,Canned chicken,,"Canned chicken,chicken,canned,can",Poultry / Shelf Stable Foods,1825.0,1825.0,,,,,,,
143,Retort pouches or boxes,,"Retort pouches,boxes,box,retort,pouch",Poultry / Shelf Stable Foods,,,,,,,,,
144,Lean fish,"cod, flounder, haddock, halibut, sole, etc.","Lean fish,cod, flounder,haddock,halibut,sole,fish",Seafood / Fresh,,,,1.0,2.0,,180.0,240.0,
145,Lean fish,"pollock, ocean perch, rockfish, sea trout.","Lean fish,pollock,ocean,rockfish, sea,sea trout,fish,ocean perch,perch,trout,rock",Seafood / Fresh,,,,1.0,2.0,,120.0,240.0,
146,Fatty fish,"bluefish, catfish, mackerel, mullet, salmon, tuna, etc.","Fatty fish,bluefish,catfish,mackerel,mullet,salmon,tuna,fish,fatty,blue,cat",Seafood / Fresh,,,,1.0,2.0,,60.0,90.0,
147,Caviar,"fresh, in jar","Caviar,fresh,jar",Seafood / Fresh,,,,7.0,28.0,,,,Not Recommended
148,Cooked fish,all,"Cooked fish,fish,all",Seafood / Fresh,,,,3.0,4.0,,30.0,60.0,
149,Surimi seafood,,"Surimi seafood,surimi,sea,food",Seafood / Fresh,,,,,,Package use-by date,270.0,270.0,
150,Scallops,,"Scallops,scallop",Seafood / Shellfish,,,,1.0,3.0,,180.0,540.0,
151,"Shrimp, crayfish",,"Shrimp,crayfish,cray,fish",Seafood / Shellfish,,,,1.0,3.0,,180.0,540.0,
152,Squid,,Squid,Seafood / Shellfish,,,,1.0,3.0,,180.0,540.0,
153,"Shucked clams, mussels, and oysters",,"Shucked clams,mussels,oysters,clams,clam,mussels,mussel,oyster",Seafood / Shellfish,,,,3.0,10.0,,90.0,120.0,
154,Crab meat,fresh,"Crab meat,meat,fresh,crab",Seafood / Shellfish,,,,1.0,3.0,,60.0,120.0,
155,Crab meat,pasteurized,"Crab meat,meat,pasteurized,crab",Seafood / Shellfish,,,,300.0,360.0,,120.0,300.0,
156,Crab legs,"king, dungeness, snow","Crab legs,king,dungeness,snow,crab,legs,leg",Seafood / Shellfish,,,,2.0,4.0,,270.0,360.0,
157,"Live clams, mussels, crab, and oysters",,"Live clams,mussels,crab,oysters,clams,clam,mussel,oyster",Seafood / Shellfish,,,,1.0,2.0,,60.0,90.0,
158,Fresh whole lobster,live,"Fresh whole lobster,lobster,live,whole lobster",Seafood / Shellfish,,,,1.0,1.0,,,,Not Recommended
159,Fresh lobster tails,cooked,"Fresh lobster tails,tails,cooked,lobster tails,tail",Seafood / Shellfish,,,,2.0,3.0,,14.0,28.0,
160,"Fresh clams, mussels, oysters",,"Fresh clams,clams,oysters,clam,mussels,mussel,oyster",Seafood / Shellfish,,,,5.0,10.0,,,,Not Recommended
161,Fresh whole lobster,frozen,"Fresh whole lobster,lobster,frozen,whole lobster",Seafood / Shellfish,,,,1.0,2.0,,14.0,28.0,
162,Cooked shellfish,all,"Cooked shellfish,shellfish,fish,cooked",Seafood / Shellfish,,,,3.0,4.0,,30.0,90.0,
163,Herring,"glass packed, in wine sauce","Herring,glass packed,wine sauce,packed,glass,wine,sauce",Seafood / Smoked,,,,120.0,180.0,,,,Not Recommended
164,Fish,"hot smoked, air pack","Fish,hot smoked,air pack,hot,smoked,pack
",Seafood / Smoked,,,,14.0,45.0,,270.0,360.0,
165,Fish,"hot smoked, vacuum pack","Fish,hot smoked,vacuum pack,hot,smoked,vacuum,pack",Seafood / Smoked,,,,14.0,45.0,,180.0,360.0,
166,Fish,"cold smoked, air pack","Fish,cold smoked,air pack,cold,smoked,pack",Seafood / Smoked,,,,14.0,30.0,,270.0,360.0,
167,Fish,"cold smoked, vacuum pack","Fish,cold smoked,vacuum pack,cold,smoked,vacuum,pack",Seafood / Smoked,,,,21.0,30.0,,270.0,360.0,
168,Tofu,,Tofu,Vegetarian Proteins,,,,7.0,7.0,,150.0,150.0,
169,Miso,,Miso,Vegetarian Proteins,,,,365.0,365.0,,,,Not Recommended
170,Soy flour,full-fat,"Soy flour,full fat,soy,flour,fat",Vegetarian Proteins,60.0,60.0,,180.0,180.0,,,,
171,Textured soy protein,(TSP),"Textured soy protein,protein,TSP,soy protein,soy",Vegetarian Proteins,730.0,730.0,,,,,,,
172,Re-hydrated textured soy protein,(TSP),"Re hydrated textured soy protein,protein,TSP,soy,soy protein,textured soy protein,Re hydrated ",Vegetarian Proteins,90.0,120.0,,3.0,4.0,,,,
173,Leftovers,"with meat, fish, poultry, or egg","Leftovers,meat,fish,poultry,egg,leftover",Deli & Prepared Foods,,,,3.0,4.0,,60.0,90.0,
174,Leftovers,"without meat, fish, poultry, or egg (such as cooked vegitables, rice, or potatoes)","leftover,leftovers,without meat,fish,poultry,egg,cooked vegetables,rice,potatoes,meat,vegetables,potato,vegetable",Deli & Prepared Foods,,,,3.0,4.0,,30.0,60.0,
175,Leftovers,pizza,"Leftovers,pizza",Deli & Prepared Foods,,,,3.0,4.0,,30.0,60.0,
176,Commercial brand vacuum-packed dinners,with USDA seal,"Commercial brand vacuum-packed dinners,brand vacuum packed dinners,USDA seal,USDA,seal,dinners,dinner,vacuum packed,vacuum packed dinner,packed dinner,packed",Deli & Prepared Foods,,,,14.0,14.0,,,,Not Recommended
177,Cooked pasta,,"Cooked pasta,pasta",Deli & Prepared Foods,,,,3.0,5.0,,30.0,60.0,
178,Cooked rice,,"Cooked rice,rice",Deli & Prepared Foods,,,,4.0,6.0,,180.0,180.0,
179,"Fruit, cut",,"Fruit,cut",Deli & Prepared Foods,,,,,,Package use-by date,,,Not Recommended
180,Guacamole,,Guacamole,Deli & Prepared Foods,,,,3.0,4.0,,90.0,120.0,
181,Hummus,"commercial (pasteurized, with preservatives)","Hummus,commercial,pasteurized,preservatives,preservative",Deli & Prepared Foods,,,,90.0,90.0,,,,Not Recommended
183,Hummus,"traditional (no preservatives, not pasteurized)","Hummus,traditional,no preservatives,not pasteurized,no preservative,preservatives,preservative,pasteurized",Deli & Prepared Foods,,,,7.0,7.0,,,,Not Recommended
184,Luncheon meat or poultry,store-sliced,"Luncheon meat,poultry,store sliced,meat,luncheon,store,sliced",Deli & Prepared Foods,,,,3.0,5.0,,30.0,60.0,
185,Main dishes or meals,hot or refrigerated,"Main dishes,meals,hot,refrigerated,dishes,dish,meal",Deli & Prepared Foods,,,,3.0,4.0,,60.0,90.0,
186,Meats,covered with gravy or broth,"Meats,gravy,broth,meat",Deli & Prepared Foods,,,,3.0,4.0,,180.0,180.0,
187,Olives,from olive bar,"Olives,bar,olive",Deli & Prepared Foods,,,,14.0,14.0,,,,Not Recommended
188,Pate,,Pate,Deli & Prepared Foods,,,,1.0,2.0,,30.0,60.0,
192,Luncheon meat or poultry,pre-packaged,"Luncheon meat,luncheon,meat,poultry,packaged,pre packaged",Deli & Prepared Foods,,,,14.0,14.0,,30.0,60.0,
193,"Soup, stews",,"Soup,stews,stew",Deli & Prepared Foods,,,,3.0,4.0,,60.0,90.0,
194,Casseroles,,"Casseroles,Casserole",Deli & Prepared Foods,,,,3.0,4.0,,,,
195,Commercial bread products,"including pan breads, flat breads, rolls, and buns","Commercial bread products,pan breads,flat breads,rolls,buns,bread products,bread,products,product,pan,breads,bread,flat,roll,bun",Baked Goods / Bakery,14.0,18.0,,,,,90.0,150.0,
196,Tortillas,flour,"Tortillas,Tortilla","Grains, Beans & Pasta",90.0,90.0,,,,,180.0,180.0,
197,Commercial cakes and muffins,,"Commercial cakes,cake,muffin,muffins",Baked Goods / Bakery,3.0,7.0,,,,,180.0,180.0,
198,Cheesecake,,"Cheesecake,cake,cheese",Baked Goods / Bakery,,,,,,,90.0,180.0,
199,Cookies,soft,"Cookies,soft,cookie",Baked Goods / Bakery,60.0,90.0,,,,,240.0,360.0,
200,Cookies,crispy,"Cookies,crispy,cookie",Baked Goods / Bakery,120.0,180.0,,,,,240.0,360.0,
201,Dairy filled eclairs,,"Dairy filled eclairs,dairy filled,eclairs,éclair,dairy",Baked Goods / Bakery,,,,,,,90.0,90.0,
202,Doughnuts,,"Doughnuts,doughnut,dough,nut",Baked Goods / Bakery,1.0,2.0,,,,,,,Not Recommended
203,Fruit cake,,"Fruit cake,fruit,cake",Baked Goods / Bakery,180.0,180.0,,,,,360.0,360.0,
204,"Pastries, danish",,"Pastries,danish,pastry",Baked Goods / Bakery,5.0,10.0,,,,,,,Not Recommended
205,Cream pies,"banana cream, coconut cream, butterscotch","Pies,cream,pie, banana, banana cream,coconut,coconut cream,butterscotch",Baked Goods / Bakery,,,,,,,,,Not Recommended
206,Chiffon pies,"chocolate, lemon","Pies,chiffon,pie,chocolate,lemon,chocolate pie,lemon pie",Baked Goods / Bakery,,,,,,,,,Not Recommended
207,Fruit pies,"apple, peach, blueberry, apricot, cherry, blackberry","Pies,fruit,pie,apple,apple pie,peach,peach pie,blueberry,blueberry pie,cherry,cherry pie,apricot,apricot pie,blackberry,blackberry pie",Baked Goods / Bakery,1.0,2.0,,,,,240.0,240.0,
208,Pies,mincemeat,"Pies,mincemeat,pie,meat,mince",Baked Goods / Bakery,,,Hours,,,,240.0,240.0,
209,Pies,pecan,"Pies,Pie,pecan",Baked Goods / Bakery,,,Hours,,,,30.0,60.0,
210,Pies,pumpkin,"Pies,Pie,pumpkin",Baked Goods / Bakery,,,Hours,,,,30.0,60.0,
211,Quiche,,Quiche,Baked Goods / Bakery,,,Hours,,,,60.0,90.0,
212,Baking powder,,"Baking powder,baking,powder",Baked Goods / Baking and Cooking,180.0,540.0,,,,,,,
213,Baking soda,,"Baking soda,soda,baking",Baked Goods / Baking and Cooking,730.0,1095.0,,,,,,,
214,Biscuit or pancake mix,,"Biscuit,pancake mix,pancake,mix,cake",Baked Goods / Baking and Cooking,270.0,270.0,,,,,,,
215,"Cake, brownie, bread mixes",,"Cake,brownie,bread mixes,bread,mixes,mix",Baked Goods / Baking and Cooking,360.0,540.0,,,,,,,
216,Chocolate,"unsweetened and semi-sweet, solid","Chocolate,unsweetened,semi sweet,solid,sweet",Baked Goods / Baking and Cooking,365.0,730.0,,,,,,,
217,Cocoa and cocoa mixes,,"Cocoa,cocoa mixes,mixes,mix",Baked Goods / Baking and Cooking,,,Indefinitely,,,,,,
218,Cornmeal,"regular, degerminated","Cornmeal,regular,degerminated,germinated,germinate,corn,meal",Baked Goods / Baking and Cooking,180.0,360.0,,,,,,,
219,Cornmeal,stone ground or blue,"Cornmeal,stone ground,blue,ground,stone,corn,meal",Baked Goods / Baking and Cooking,30.0,30.0,,,,,,,
220,Cornstarch,,"Cornstarch,corn,starch",Baked Goods / Baking and Cooking,540.0,720.0,,,,,,,
222,Flour,white,"Flour,white",Baked Goods / Baking and Cooking,180.0,360.0,,,,,,,
223,Flour,whole wheat,"Flour,whole wheat,wheat",Baked Goods / Baking and Cooking,90.0,180.0,,,,,,,
224,Frosting or icing,,"Frosting,icing,frost,ice",Baked Goods / Baking and Cooking,300.0,360.0,,,,,,,
225,Gelatin,flavored,"Gelatin,flavor,flavored",Baked Goods / Baking and Cooking,300.0,360.0,,,,,,,
226,Gelatin,unflavored,"Gelatin,unflavor,unflavored",Baked Goods / Baking and Cooking,1095.0,1095.0,,,,,,,
227,Oils,olive or vegetable,"Oils,olive,vegetable,oil",Baked Goods / Baking and Cooking,180.0,360.0,,,,,,,
228,Nut oils,,"Nut oils,nut,oils,oil",Baked Goods / Baking and Cooking,180.0,360.0,,,,,,,
229,Vegetable oil sprays,,"Vegetable oil sprays,sprays,oil,vegetable,vegetable oil",Baked Goods / Baking and Cooking,730.0,730.0,,,,,,,
230,Shortening,solid,"Shortening,solid",Baked Goods / Baking and Cooking,365.0,730.0,,,,,,,
231,Tamarind paste,,"Tamarind paste,paste,tamarind",Baked Goods / Baking and Cooking,180.0,360.0,,,,,,,
232,Chili powder,,"Chili powder,powder,chili",Baked Goods / Baking and Cooking,730.0,730.0,,,,,,,
233,Seasoning blends,,"Seasoning blends,blends,seasoning,blend",Baked Goods / Baking and Cooking,365.0,730.0,,,,,,,
234,Flavored or herb mixes,,"Flavored,herb mixes,herb,flavor,mixes,mix",Baked Goods / Baking and Cooking,180.0,180.0,,,,,,,
235,Garlic,"chopped, commercial jars","Garlic,chopped,jars,commercial jars,jar",Baked Goods / Baking and Cooking,240.0,360.0,,,,,,,
236,Herbs,dried,"Herbs,dried,herb",Baked Goods / Baking and Cooking,365.0,730.0,,,,,,,
237,Spice/spices,whole,"Spice,spices,whole",Baked Goods / Baking and Cooking,1095.0,1460.0,,,,,,,
238,Spice/spices,ground,"Spice,spices,ground",Baked Goods / Baking and Cooking,730.0,1095.0,,,,,,,
239,Sugar,brown,"Sugar,brown",Baked Goods / Baking and Cooking,,,Indefinitely,,,,,,
240,Sugar,granulated,"Sugar,granulated",Baked Goods / Baking and Cooking,,,Indefinitely,,,,,,
241,Sugar,confectioners,"Sugar,confectioners,confectioner",Baked Goods / Baking and Cooking,,,Indefinitely,,,,,,
242,Sugar substitutes,,"Sugar substitutes,sugar,substitutes,substitute",Baked Goods / Baking and Cooking,730.0,730.0,,,,,,,
243,Tapiocas,,"Tapiocas,Tapioca",Baked Goods / Baking and Cooking,360.0,360.0,,,,,,,
245,Tube cans,"of biscuits, rolls, pizza dough, etc.","Tube cans,biscuits,biscuit,rolls,roll,pizza,pizza dough,dough,tube can,can,tube",Baked Goods / Refrigerated Dough,,,,,,Package use-by date,,,Not Recommended
246,Ready-to-bake pie crust,,"Ready to bake pie crust,pie,crust,bake,ready",Baked Goods / Refrigerated Dough,,,,,,Package use-by date,60.0,60.0,
247,Cookie dough,,"Cookie dough,cookie,dough",Baked Goods / Refrigerated Dough,,,,,,Package use-by date,60.0,60.0,
248,Apples,,"Apples,apple",Produce / Fresh Fruits,21.0,21.0,,28.0,42.0,,240.0,240.0,
249,Apricots,,"Apricots,Apricot",Produce / Fresh Fruits,,,When Ripe,2.0,5.0,,,,Not Recommended
250,Avocados,,"Avocados,Avocado",Produce / Fresh Fruits,,,When Ripe,3.0,4.0,,,,Not Recommended
251,Bananas,,"Bananas,banana",Produce / Fresh Fruits,,,When Ripe,3.0,3.0,,60.0,90.0,
252,Berries,"cherries, goose berries, lychee","Berries,berry,cherries,cherry,goose berries,goose berry,lychee,gooseberries",Produce / Fresh Fruits,,,,7.0,7.0,,360.0,360.0,
253,Berries,"blackberries, boysenberries, currant","Berries,berry,blackberries,blackberry,boysenberries,boysenberry,currant",Produce / Fresh Fruits,,,,3.0,6.0,,360.0,360.0,
254,Blueberries,,"Blueberries,blueberry,berries,berry",Produce / Fresh Fruits,,,,7.0,14.0,,240.0,360.0,
255,Cherimoya,,Cherimoya,Produce / Fresh Fruits,,,When Ripe,4.0,4.0,,300.0,360.0,
256,Citrus fruit,"lemon, lime, orange, grapefruit, tangerines, clementines","Citrus fruit,fruit,citrus,lemon,lime,orange,grape,grapefruit,tangerines,tangerine,clementines,clementine",Produce / Fresh Fruits,10.0,10.0,,10.0,21.0,,,,Not Recommended
257,Coconut,shredded,"Coconut,shredded",Produce / Fresh Fruits,365.0,365.0,,,,,365.0,365.0,
258,Coconuts,fresh,"Coconuts,Coconut,fresh",Produce / Fresh Fruits,7.0,7.0,,14.0,21.0,,,,Not Recommended
259,Cranberries,,"Cranberries,cranberry",Produce / Fresh Fruits,,,,60.0,60.0,,360.0,360.0,
260,Dates,,Dates,Produce / Fresh Fruits,60.0,60.0,,360.0,360.0,,365.0,730.0,
261,Grapes,,"Grapes,grape",Produce / Fresh Fruits,1.0,1.0,,7.0,7.0,,30.0,30.0,
262,Guava,,Guava,Produce / Fresh Fruits,,,When Ripe,2.0,4.0,,,,Not Recommended
263,Kiwi fruit,,"Kiwi fruit,kiwi,fruit",Produce / Fresh Fruits,,,When Ripe,3.0,6.0,,,,Not Recommended
264,Melons,,"Melons,melon",Produce / Fresh Fruits,,,When Ripe,14.0,14.0,,30.0,30.0,
265,"Papaya, mango, feijoa, passionfruit, casaha melon",,"Papaya,mango,feijoa,passionfruit,casaha melon,melon,fruit,passion",Produce / Fresh Fruits,3.0,5.0,,7.0,7.0,,180.0,240.0,
266,"Peaches, nectarines, plums, pears, sapote",,"Peaches,nectarines,plums,pears,sapote,peach,nectarine,plum,pear",Produce / Fresh Fruits,,,When Ripe,3.0,5.0,,60.0,60.0,
267,Pineapple,,Pineapple,Produce / Fresh Fruits,,,When Ripe,5.0,7.0,,300.0,360.0,
268,Plantains,,"Plantains,plantain",Produce / Fresh Fruits,,,When Ripe,3.0,5.0,,300.0,360.0,
269,Pomegranate,,Pomegranate,Produce / Fresh Fruits,2.0,5.0,,30.0,90.0,,300.0,360.0,
270,"Artichokes, whole",,"Artichokes,artichoke,whole",Produce / Fresh Vegetables,1.0,2.0,,7.0,14.0,,,,Not Recommended
271,Asparagus,,Asparagus,Produce / Fresh Vegetables,,,,3.0,4.0,,150.0,150.0,
272,Bamboo shoots,,"Bamboo shoots,bamboo,shoots,shoot",Produce / Fresh Vegetables,,,,14.0,14.0,,,,
273,Beans and peas,"green, fava, lima, soybean, wax, snow, sugar snap","Beans,peas,green,fava,lima,soybean,wax,snow,sugar snap,sugar,pea,soya",Produce / Fresh Vegetables,,,,3.0,5.0,,240.0,240.0,
274,Beets,,Beets,Produce / Fresh Vegetables,1.0,1.0,,7.0,14.0,,180.0,240.0,
275,Bok choy,,Bok choy,Produce / Fresh Vegetables,,,,2.0,3.0,,300.0,360.0,
276,Broccoli and broccoli raab (rapini),,"Broccoli,broccoli raab,rapini,raab",Produce / Fresh Vegetables,,,,3.0,5.0,,300.0,360.0,
277,Brussels sprouts,,"Brussels sprouts,brussels,sprouts,sprout,brussel",Produce / Fresh Vegetables,,,,3.0,5.0,,300.0,360.0,
278,Cabbage,,Cabbage,Produce / Fresh Vegetables,,,,7.0,14.0,,300.0,360.0,
279,"Carrots, parsnips",,"Carrots,parsnips,carrot,parsnip",Produce / Fresh Vegetables,,,,14.0,21.0,,300.0,360.0,
280,Cauliflower,,Cauliflower,Produce / Fresh Vegetables,,,,3.0,5.0,,300.0,360.0,
281,Celery,,Celery,Produce / Fresh Vegetables,,,,7.0,14.0,,300.0,360.0,
282,Corn on the cob,,"Corn,cob",Produce / Fresh Vegetables,,,,1.0,2.0,,240.0,240.0,
283,Cucumbers,,"Cucumbers,cucumber",Produce / Fresh Vegetables,,,,4.0,6.0,,,,Not Recommended
284,Eggplant,,"Eggplant,egg",Produce / Fresh Vegetables,1.0,1.0,,4.0,7.0,,180.0,240.0,
285,Garlic,,Garlic,Produce / Fresh Vegetables,30.0,30.0,,3.0,14.0,,30.0,30.0,
286,Ginger root,,"Ginger root,ginger,root",Produce / Fresh Vegetables,2.0,5.0,,14.0,21.0,,180.0,180.0,
287,Greens,,"Greens,green",Produce / Fresh Vegetables,,,,1.0,4.0,,300.0,360.0,
288,Herbs,,"Herbs,herb",Produce / Fresh Vegetables,,,,7.0,10.0,,30.0,60.0,
289,Leeks,,"Leeks,leek",Produce / Fresh Vegetables,,,,7.0,14.0,,300.0,360.0,
290,Lettuce,"iceberg, romaine","Lettuce,iceberg,romaine",Produce / Fresh Vegetables,,,,7.0,14.0,,,,Not Recommended
291,Lettuce,"leaf, spinach","Lettuce,leaf,spinach",Produce / Fresh Vegetables,,,,3.0,7.0,,,,Not Recommended
292,Mushrooms,,"Mushroom,mushrooms",Produce / Fresh Vegetables,,,,3.0,7.0,,300.0,360.0,
293,Okra,,Okra,Produce / Fresh Vegetables,1.0,1.0,,2.0,3.0,,300.0,360.0,
294,Onions,"yellow, white, red, etc.","Onions,yellow,white,red,onion",Produce / Fresh Vegetables,30.0,30.0,,60.0,60.0,,300.0,360.0,
295,Onions,spring or green,"Onions,spring,green,onion",Produce / Fresh Vegetables,30.0,30.0,,7.0,7.0,,300.0,360.0,
296,Peppers,,"Peppers,pepper",Produce / Fresh Vegetables,,,,4.0,14.0,,180.0,240.0,
297,Potatoes,,"Potatoes,potato",Produce / Fresh Vegetables,30.0,60.0,,7.0,14.0,,300.0,360.0,
298,Pumpkins,,"Pumpkins,pumpkin",Produce / Fresh Vegetables,60.0,90.0,,90.0,150.0,,,,
299,Radishes,,"Radishes,radish",Produce / Fresh Vegetables,,,,10.0,14.0,,,,Not Recommended
300,Rhubarb,,Rhubarb,Produce / Fresh Vegetables,,,,3.0,7.0,,,,
301,Rutabagas,,Rutabagas,Produce / Fresh Vegetables,7.0,7.0,,14.0,21.0,,240.0,300.0,
302,Squash,summer and zucchini,"Squash,summer,zucchini",Produce / Fresh Vegetables,1.0,5.0,,4.0,5.0,,300.0,360.0,
303,Squash,winter,"Squash,winter",Produce / Fresh Vegetables,14.0,42.0,,30.0,90.0,,300.0,360.0,
304,Tamarind,,Tamarind,Produce / Fresh Vegetables,7.0,21.0,,180.0,180.0,,365.0,365.0,
305,Taro,,Taro,Produce / Fresh Vegetables,7.0,7.0,,2.0,3.0,,,,
306,Tomatoes,,"Tomatoes,tomato",Produce / Fresh Vegetables,,,When Ripe,,,,60.0,60.0,
307,Turnips,,"Turnips,turnip",Produce / Fresh Vegetables,,,,14.0,14.0,,240.0,300.0,
308,Yuca/cassava,,"Yuca,cassava",Produce / Fresh Vegetables,7.0,7.0,,3.0,3.0,,30.0,60.0,
309,Dough,commercial (bread or cookie),"Dough,commercial,bread,cookie",Food Purchased Frozen,,,,3.0,4.0,,360.0,360.0,
310,Egg substitutes,,"Egg substitutes,egg,substitute,Egg substitute",Food Purchased Frozen,,,,3.0,4.0,,360.0,360.0,
311,Fish,breaded,"Fish,breaded,bread",Food Purchased Frozen,,,,,,Not Recommended,540.0,540.0,
312,Fish,raw but headed and gutted,"Fish,raw,headed,gutted",Food Purchased Frozen,,,,3.0,4.0,,180.0,180.0,
313,Frozen potato products,"fries, hashbrowns, tater tots","Frozen potato products,fries,hashbrowns,tater tots,potato products,products,product,frozen potato,hashbrown,tater tot",Food Purchased Frozen,,,,,,Not Recommended,360.0,360.0,
314,Frozen pretzels,,"Frozen pretzels,frozen,pretzels,pretzel",Food Purchased Frozen,,,,3.0,4.0,,270.0,270.0,
315,Fruits,"such as berries, melons","Fruits,berries,melons,berry,melon",Food Purchased Frozen,,,,,,,300.0,540.0,
317,Ice cream,,"Ice cream,ice,cream",Food Purchased Frozen,,,,,,,180.0,180.0,
318,Ice pops,,"Ice pops,ice,pops,pop",Food Purchased Frozen,,,,,,,270.0,270.0,
319,Juice concentrates,,"Juice concentrates,juice,concentrate",Food Purchased Frozen,,,,,,,730.0,730.0,
320,Lobster tails,,"Lobster tails,tail,lobster,Lobster tail",Food Purchased Frozen,,,,3.0,4.0,,240.0,240.0,
321,"Pancakes, waffles",,"Pancakes,waffles,pancake",Food Purchased Frozen,,,,,,Not Recommended,90.0,90.0,
322,Sausages,uncooked,"Sausages,Sausage,uncooked,cooked",Food Purchased Frozen,,,,3.0,4.0,,30.0,60.0,
323,Sausages,precooked,"Sausages,Sausage,precooked,cooked",Food Purchased Frozen,,,,3.0,4.0,,30.0,60.0,
324,"Sherbet, sorbet",,"Sherbet,sorbet",Food Purchased Frozen,,,,,,Not Recommended,270.0,270.0,
325,"Shrimp, shellfish",,"Shrimp,shellfish,fish",Food Purchased Frozen,,,,3.0,4.0,,360.0,540.0,
326,Soy crumbles and hot dogs,,"Soy crumbles,hot dogs,hot dog,soy,soy crumble",Food Purchased Frozen,,,,3.0,4.0,,30.0,60.0,
327,Soy meat substitutes,,"Soy meat substitutes,soy,meat,soy meat,meat substitutes,substitutes,substitute",Food Purchased Frozen,,,,3.0,4.0,,360.0,540.0,
328,Tempeh,,Tempeh,Food Purchased Frozen,,,,3.0,4.0,,180.0,180.0,
330,Frozen entrees,prepared meals,"TV dinners,entrees,breakfast,dinners,dinner,entry,TV",Food Purchased Frozen,,,,,,Not Recommended,360.0,360.0,
331,Vegetables,,"Vegetables,vegetable",Food Purchased Frozen,,,,3.0,4.0,,300.0,540.0,
332,Fresh pasta,,"Fresh pasta,pasta","Grains, Beans & Pasta",,,,1.0,2.0,,60.0,60.0,
333,Beans,dried,"Beans,dried","Grains, Beans & Pasta",365.0,730.0,,,,,,,
334,Lentils,dried,"Lentils,dried","Grains, Beans & Pasta",365.0,365.0,,,,,,,
335,Pasta,"dry, without eggs","Pasta,dry,eggs,egg,without egg,without eggs","Grains, Beans & Pasta",730.0,730.0,,,,,,,
336,Dry egg noodles,,"Dry egg noodles,egg noodles,egg,noodles,noodle,dry","Grains, Beans & Pasta",730.0,730.0,,,,,,,
337,Peas,dried split,"Peas,Pea,dried split,split","Grains, Beans & Pasta",365.0,365.0,,,,,,,
338,Rice,white or wild,"Rice,white,wild","Grains, Beans & Pasta",730.0,730.0,,,,,,,
339,Rice,brown,"Rice,brown","Grains, Beans & Pasta",365.0,365.0,,,,,,,
340,Barbecue sauce,bottled,"Barbecue sauce,sauce,bottled,Barbecue","Condiments, Sauces & Canned Goods",365.0,365.0,,,,,,,
341,Chutney,,Chutney,"Condiments, Sauces & Canned Goods",365.0,365.0,,,,,,,
342,"Cream sauces, milk solids",,"Cream sauces,milk solids,sauce,solids,cream,sauces,milk,solid","Condiments, Sauces & Canned Goods",180.0,360.0,,,,,,,
343,Dry gravy mixes,,"Dry gravy mixes,gravy,mixes,mix,dry","Condiments, Sauces & Canned Goods",730.0,730.0,,1.0,2.0,,,,
344,Gravy,jars and cans,"Gravy,jars,cans,jar,can","Condiments, Sauces & Canned Goods",730.0,1825.0,,,,,,,
345,Honey,,Honey,"Condiments, Sauces & Canned Goods",730.0,730.0,,,,,,,
346,Horseradish,in jar,"Horseradish,jar","Condiments, Sauces & Canned Goods",,,,360.0,360.0,,,,
347,"Jams, jellies, and preserves",,"Jams,jellies,preserves,jam,jelly,preserve","Condiments, Sauces & Canned Goods",180.0,540.0,,,,,,,
348,"Ketchup, cocktail, or chili sauce",,"Ketchup,cocktail,chili sauce,sauce,chili","Condiments, Sauces & Canned Goods",365.0,365.0,,,,,,,
349,Marinades,,"Marinades,marinade","Condiments, Sauces & Canned Goods",365.0,365.0,,,,,,,
350,Mayonnaise,commercial,"Mayonnaise,commercial","Condiments, Sauces & Canned Goods",90.0,180.0,,,,,,,
351,Mustard,,Mustard,"Condiments, Sauces & Canned Goods",365.0,730.0,,,,,,,
352,Olives,black and green,"Olives,black,green,olive","Condiments, Sauces & Canned Goods",360.0,540.0,,,,,,,
353,Pickles,,"Pickles,pickle","Condiments, Sauces & Canned Goods",365.0,365.0,,,,,,,
354,Pesto,jarred,"Pesto,jarred,jar","Condiments, Sauces & Canned Goods",,,,180.0,180.0,,30.0,30.0,
356,Salad dressings,"commercial, bottled","Salad dressings,dressings,dressing,commercial,bottled,bottle,salad","Condiments, Sauces & Canned Goods",300.0,360.0,,,,,,,
357,Salsa,picante and taco sauces,"Salsa,picante,taco sauces,taco,sauces,sauce","Condiments, Sauces & Canned Goods",365.0,365.0,,,,,,,
358,Sauce mixes,"nondairy (spaghetti, taco, etc.)","Sauce mixes,sauce,mixes,mix,nondairy,dairy,spaghetti,taco","Condiments, Sauces & Canned Goods",730.0,730.0,,,,,,,
359,Spaghetti sauce,in jars,"Spaghetti sauce,sauce,in jars,jars,jar,spaghetti","Condiments, Sauces & Canned Goods",540.0,540.0,,,,,,,
360,Soy sauce or teriyaki sauce,,"Soy sauce,teriyaki sauce,sauce,soy,teriyaki","Condiments, Sauces & Canned Goods",1095.0,1095.0,,,,,,,
361,Vinegar,,Vinegar,"Condiments, Sauces & Canned Goods",730.0,730.0,,,,,,,
362,Worcestershire sauce,,"Worcestershire sauce,Worcestershire,sauce","Condiments, Sauces & Canned Goods",365.0,365.0,,,,,,,
363,Jars or pouches,,"Jars,pouches,jar,pouch",Baby Food,,,,,,,,,
364,Fruit,,Fruit,Baby Food,,,,,,,,,
365,Vegetables,,"Vegetables,vegetable",Baby Food,,,,,,,,,
366,Dinners,,"Dinners,dinner",Baby Food,,,,,,,,,
367,"Cereal, dry mixes",,"Cereal,dry mixes,mixes,mix,dry",Baby Food,,,,,,,,,
368,Formula,prepared,"Formula,prepared,prepare",Baby Food,,,,,,,,,
369,Liquid concentrate or ready-to-feed formula,,"Liquid concentrate,ready to feed formula,concentrate,liquid,formula,feed,ready to feed,feed formula",Baby Food,,,,,,,,,
370,Applesauce,commercial,"Applesauce,Apple,sauce,commercial",Shelf Stable Foods,360.0,540.0,,,,,,,
371,Bacon bits,imitation,"Bacon bits,bits,imitation,bacon,bit",Shelf Stable Foods,365.0,365.0,,,,,,,
372,Canned goods,"low acid (such as meat, poultry, fish, gravy, stew, soups, beans, carrots, corn, pasta, peas, potatoes, spinach)","Canned goods,canned,can,goods,low acid,low,meat,poultry,fish,gravy,stew,soups,soup,beans,bean,carrots,carrot,corn,pasta,peas,pea,potatoes,potato,spinach",Shelf Stable Foods,730.0,1825.0,,,,,,,
373,Canned goods,"high acid (such as juices, fruit, pickles, sauerkraut, tomato soup, and foods in vinegar-based sauce)","Canned goods,canned,can,goods,high acid,high,juices,juice,fruit,fruits,pickles,pickle,sauerkraut,tomato soup,soup,tomato,foods in vinegar based sauce,sauce,foods,food,vinegar based,vinegar",Shelf Stable Foods,360.0,540.0,,,,,,,
374,Cereal,ready-to-eat,"Cereal,ready,eat",Shelf Stable Foods,180.0,360.0,,,,,,,
375,Cereal,"cook before eating (oatmeal, etc.)","Cereal,cook before eating,oatmeal,oats,oat,meal",Shelf Stable Foods,360.0,360.0,,,,,,,
376,Chocolate syrup,,"Chocolate syrup,Chocolate,syrup",Shelf Stable Foods,730.0,730.0,,,,,,,
377,Crackers,,"Crackers,cracker",Shelf Stable Foods,240.0,240.0,,,,,90.0,120.0,
378,Graham cracker/animal cracker,,"Graham cracker,animal cracker,Graham,cracker,animal",Shelf Stable Foods,180.0,270.0,,,,,,,
379,"Fruits, dried","raisins, apricots, mangoes, cranberries, etc.","Fruits,fruit,dried,raisins,raisin,apricots,apricot,mangoes,mangoe,cranberries,cranberry",Shelf Stable Foods,180.0,180.0,,,,,,,
380,Gummy (fruit) snacks,,"fruit snack,gummy,fruit,snacks,snack,gummy snacks,fruit snacks,gummy snack",Shelf Stable Foods,180.0,270.0,,,,,,,
381,Marshmallows,,"Marshmallows,Marshmallow",Shelf Stable Foods,365.0,365.0,,,,,,,
382,Marshmallow crème,,"Marshmallow crème,Marshmallow,crème",Shelf Stable Foods,60.0,150.0,,,,,,,
383,Milk,canned evaporated or condensed,"Milk,can,canned,evaporated,condensed,evaporate,condense",Shelf Stable Foods,360.0,360.0,,,,,,,
384,Molasses,,Molasses,Shelf Stable Foods,365.0,730.0,,,,,,,
385,Mushrooms,dried,"Mushrooms,Mushroom,dried",Shelf Stable Foods,365.0,730.0,,,,,,,
386,Nuts,jars or cans,"Nuts,nut,jar,jars,cans,can",Shelf Stable Foods,365.0,365.0,,,,,180.0,360.0,
387,Peanut butter,commercial,"Peanut butter,butter,commercial,peanut",Shelf Stable Foods,180.0,720.0,,,,,,,
388,Pectin,,Pectin,Shelf Stable Foods,,,Package use-by date,,,,,,
389,Popcorn,dry kernels in jar,"Popcorn,dry kernels in jar,jar,dry kernels,kernels,in jar,kernel,chips,chip",Shelf Stable Foods,730.0,730.0,,,,,,,
390,Popcorn,commercially popped in bags,"Popcorn,commercially,popped in bags,bags,bag,in bags",Shelf Stable Foods,60.0,90.0,,,,,,,
391,Popcorn,microwave packets,"Popcorn,microwave packets,packets,microwave,packet",Shelf Stable Foods,180.0,360.0,,,,,,,
392,Potato chips,,"Potato chips,potato,chips,chip,potatoes",Shelf Stable Foods,60.0,60.0,,,,,,,
393,Potatoes,instant,"Potatoes,Potato,instant",Shelf Stable Foods,300.0,450.0,,,,,,,
394,Pretzels,,"Pretzels,Pretzel",Shelf Stable Foods,120.0,270.0,,,,,,,
395,Pudding mixes,,"Pudding mixes,Pudding,mixes,mix",Shelf Stable Foods,365.0,365.0,,,,,,,
396,Soup mixes,dry bouillon,"Soup mixes,mixes,mix,soup,dry bouillon,bouillon",Shelf Stable Foods,365.0,365.0,,,,,,,
397,Sun dried tomatoes,jar,"Sun dried tomatoes,dried tomatoes,sun,sun dried,dried,tomatoes,tomato",Shelf Stable Foods,365.0,365.0,,,,,,,
398,Syrup,,Syrup,Shelf Stable Foods,365.0,365.0,,,,,,,
399,Toaster pastries,,"Toaster pastries,pastry,Toaster,pastries",Shelf Stable Foods,180.0,360.0,,,,,,,
400,Coffee,whole beans,"Coffee,whole beans,beans,whole,bean",Beverages,90.0,150.0,,,,,,,
401,Coffee,"home ground, non-vacuum","Coffee,home ground,non vacuum,ground,home,vacuum",Beverages,90.0,150.0,,,,,365.0,730.0,
402,Coffee,instant,"Coffee,instant",Beverages,365.0,365.0,,,,,,,
403,Diet powder mixes and drink mixes,,"Diet powder mixes,drink mixes,mixes,drink,powder mixes,diet powder,mix",Beverages,540.0,720.0,,,,,,,
404,"Fruit Juice in cartons, fruit drinks, punch",,"Fruit Juice in cartons,fruit drinks,punch,fruit,fruit juice,juice in cartons,cartons,carton,drinks,drink",Beverages,21.0,21.0,,,,,,,
405,"Juice, boxes",,"Juice, boxes,box",Beverages,,,Package use-by date,,,,,,
406,Nectar,"papaya, mango, guava, or guavabana","Nectar,papaya,mango,guava,guavabana,mangoes",Beverages,360.0,540.0,,,,,,,
407,Soda,"carbonated cola drinks, mixers, diet sodas; bottles or cans","Soda,carbonated cola drinks,mixers,diet sodas,bottles,cans,cola drinks,drinks,drink,cola,carbonated,carbonated cola,mixer,diet,sodas,bottle,can",Beverages,,,,,,,,,
408,Soy or rice beverage,,"Soy,rice beverage,rice,beverage",Beverages,,,,,,,,,
410,Tea,bags,"Tea,bags,bag",Beverages,540.0,1080.0,,,,,,,
411,Tea,instant,"Tea,instant",Beverages,730.0,1095.0,,,,,,,
412,Tea,loose,"Tea,loose",Beverages,730.0,730.0,,,,,,,
413,Water,commercially bottled,"Water,commercially bottled,bottled,commercially,bottle,commercial",Beverages,,,Indefinitely,,,,,,
414,Kumquats,,Kumquats,Produce / Fresh Fruits,,,When Ripe,21.0,21.0,,,,Not Recommended
415,Bagged greens,"leaf, spinach, lettuce, etc.","Bagged greens,leaf,spinach,lettuce,bagged,greens,green",Produce / Fresh Vegetables,,,,3.0,5.0,,,,Not Recommended
416,Tahini,,Tahini,"Condiments, Sauces & Canned Goods",365.0,365.0,,,,,,,
190,Egg salad,,"Egg salad,egg,salad",Deli & Prepared Foods,,,,3.0,4.0,,,,Not Recommended
191,Potato salad,,"Potato salad,potato,salad",Deli & Prepared Foods,,,,3.0,5.0,,,,Not Recommended
417,Seafood salads,"(tuna salad, shrimp salad, salmon salad, mixed seafood salad, etc.)","Seafood salads,tuna salad, shrimp salad, salmon salad, mixed seafood salad,seafood,salads,salad,tuna,shrimp,salmon,mixed,mixed seafood,seafood salad,",Deli & Prepared Foods,,,,3.0,4.0,,,,Not Recommended
418,Chicken salad,,"Chicken salad,chicken,salad",Deli & Prepared Foods,,,,3.0,4.0,,,,Not Recommended
419,Ham salad,,"Ham salad,ham,salad",Deli & Prepared Foods,,,,3.0,4.0,,,,Not Recommended
420,Pasta salad,,"Pasta salad,pasta,salad",Deli & Prepared Foods,,,,3.0,5.0,,,,Not Recommended
421,Soy milk,,"Soy milk,soy,milk",Dairy Products & Eggs,,,,,,Package use-by date,,,
422,Yams/sweet potatoes,,"Yams,sweet potatoes,potatoes,potato,yam",Produce / Fresh Vegetables,14.0,21.0,,,,,,,
423,Kale,,Kale,Produce / Fresh Vegetables,,,,3.0,5.0,,240.0,360.0,
425,Quinoa,uncooked,"Quinoa,cooked,uncooked,cook","Grains, Beans & Pasta",730.0,1095.0,,,,,,,
426,Quinoa,cooked,"Quinoa,cook,cooked","Grains, Beans & Pasta",,,,6.0,7.0,,180.0,360.0,
427,Almond milk,,"Almond milk,milk,almond",Dairy Products & Eggs,,,,,,Package use-by date,,,
428,Rice milk,,"Rice milk,rice,milk",Dairy Products & Eggs,,,,,,Package use-by date,,,
429,Coconut milk,,"Coconut milk,coconut,milk",Dairy Products & Eggs,,,,,,Package use-by date,,,
430,Coffee creamer,powdered,"Coffee creamer,creamer,cream,coffee,powdered,powder",Dairy Products & Eggs,730.0,730.0,,,,,,,
431,Turkey bacon,,"Turkey bacon,turkey,bacon",Poultry / Cooked or Processed,,,,14.0,14.0,,60.0,120.0,
432,Fruit cocktail,canned ,"Fruit cocktail,cocktail,fruit,canned,can",Shelf Stable Foods,540.0,540.0,,,,,,,
433,Black bean sauce,,"Black bean sauce,sauce,bean,black,black bean,bean sauce","Condiments, Sauces & Canned Goods",540.0,720.0,,,,,,,
434,Oyster sauce,,"Oyster sauce,oyster,sauce","Condiments, Sauces & Canned Goods",540.0,720.0,,,,,,,
435,Hoisin sauce,,"Hoisin sauce,sauce,Hoisin","Condiments, Sauces & Canned Goods",540.0,720.0,,,,,,,
436,Pork roll,,"Pork roll,Pork,roll",Meat / Smoked or Processed,,,,,,Package use-by date,,,
437,Almonds ,shell,"Almonds,Almond,shell",Shelf Stable Foods,180.0,180.0,,480.0,480.0,,600.0,600.0,
438,Almonds ,no shell,"Almonds,Almond,no shell,shell",Shelf Stable Foods,120.0,120.0,,240.0,240.0,,300.0,300.0,
439,Cashews,no shell,"Cashews,Cashew,no shell,shell",Shelf Stable Foods,14.0,28.0,,180.0,180.0,,360.0,360.0,
440,Macadamias,no shell,"Macadamias,Macadamia,no shell,shell",Shelf Stable Foods,14.0,28.0,,360.0,360.0,,720.0,720.0,
441,Peanuts,shell,"Peanuts,Peanut,shell,nut",Shelf Stable Foods,120.0,120.0,,360.0,360.0,,720.0,720.0,
442,Peanuts,no shell,"Peanuts,Peanut,no shell,shell,nut",Shelf Stable Foods,28.0,28.0,,360.0,360.0,,720.0,720.0,
443,Pecans,shell,"Pecans,Pecan,shell",Shelf Stable Foods,14.0,28.0,,360.0,360.0,,720.0,720.0,
444,Pecans,no shell,"Pecans,Pecan,no shell,shell",Shelf Stable Foods,14.0,28.0,,270.0,270.0,,720.0,720.0,
445,Pistachios,shell or no shell,"Pistachios,shell,no shell,Pistachio,pista",Shelf Stable Foods,21.0,21.0,,360.0,360.0,,720.0,720.0,
446,Walnuts,shell or no shell,"Walnuts,shell,no shell,walnut",Shelf Stable Foods,14.0,28.0,,270.0,360.0,,720.0,720.0,
447,Lime juice,,"Lime juice,lime,juice",Beverages,360.0,540.0,,,,,,,
448,Lemon juice,,"Lemon juice,lemon,juice",Beverages,360.0,540.0,,,,,,,
449,Bagel,fresh baked,"Bagel,fresh baked,baked",Baked Goods / Bakery,1.0,2.0,,,,,90.0,90.0,
450,Bagel ,commercially frozen,"Bagel,commercially frozen,frozen",Baked Goods / Bakery,,,,,,,90.0,90.0,
451,Muffin,"homemade - including bran, blueberry, banana, corn, chocolate chip","Muffin,homemade including bran,homemade,bran,blueberry,banana,corn,chocolate chip,including bran,chocolate,chip",Baked Goods / Bakery,3.0,7.0,,,,,60.0,90.0,
452,Muffin,commercially packaged,"Muffin,commercially packaged,packaged",Baked Goods / Bakery,3.0,7.0,,,,,90.0,90.0,
453,Muffin,"mix, dry, commercially packaged","Muffin,mix,dry,commercially packaged,packaged,commercially,commercial",Baked Goods / Bakery,270.0,270.0,,,,,,,
454,Coconut oil,,"Coconut oil,coconut,oil",Shelf Stable Foods,1095.0,1095.0,,,,,,,
455,Orange juice,commercially packaged carton,"Orange juice,commercially packaged carton,orange,juice,commercially,packaged,carton,packaged carton,commercially packaged,commercial",Beverages,,,,,,,240.0,360.0,
456,Orange juice,commercially frozen concentrate,"Orange juice,commercially frozen concentrate,orange,juice,commercially,frozen,concentrate,commercially frozen,frozen concentrate",Beverages,,,,,,,360.0,360.0,
457,Orange juice,freshly squeezed,"Orange juice,orange,juice,freshly squeezed,squeezed,freshly,fresh,sqeeze",Beverages,,,,2.0,3.0,,14.0,21.0,
458,Roasted red peppers,jar,"Roasted red peppers,roasted,red,peppers,jar,Roasted red,red peppers,pepper",Shelf Stable Foods,,,,120.0,180.0,,,,
459,Whole wheat flour,,"Whole wheat flour,Whole,wheat,flour,wheat flour,whole wheat",Baked Goods / Baking and Cooking,360.0,360.0,,730.0,730.0,,730.0,730.0,
460,Whole wheat bread,homemade,"Whole wheat bread,Whole,wheat,bread,homemade,whole wheat,wheat bread","Grains, Beans & Pasta",3.0,5.0,,,,,90.0,90.0,
461,Whole wheat bread,commercially baked & pre-sliced,"Whole wheat flour,Whole,wheat,flour,wheat flour,whole wheat,commercially baked,pre sliced,sliced,slice,baked,commercially,commercial","Grains, Beans & Pasta",3.0,5.0,,,,,90.0,90.0,
462,Red wine,,"Red wine,red,wine",Beverages,1095.0,1825.0,,,,,,,
463,White wine,,"White wine,white,wine",Beverages,365.0,730.0,,,,,,,
464,Dry stuffing mix,commercially packaged,"Dry stuffing mix,Dry stuffing,stuffing mix,Dry,stuffing,mix,commercially packaged,packaged,commercially,commercial,pack",Shelf Stable Foods,270.0,360.0,,,,,,,
465,Powdered milk,,"Powdered milk,Powdered,milk,powder",Dairy Products & Eggs,1095.0,1825.0,,,,,,,
466,Almond butter,,"Almond butter,Almond,butter",Shelf Stable Foods,365.0,365.0,,,,,,,
467,Cashew butter,,"Cashew butter,Cashew,butter",Shelf Stable Foods,90.0,90.0,,,,,,,
468,Salt,"table, plain, or iodized","Salt,table,plain,iodized",Shelf Stable Foods,,,Indefinitely,,,,,,
469,Black pepper,"ground, dried, commercially bottled or purchased in bulk","Black pepper,black,pepper,ground,dried,commercially bottled,commercially,bottled,bottle,commercial,purchased in bulk,bulk,purchased,purchase",Shelf Stable Foods,730.0,730.0,,,,,,,
470,Black pepper,"cracked, dried, commercially bottled or purchased in bulk","Black pepper,black,pepper,crack,cracked,dried,commercially bottled,commercially,bottled,bottle,commercial,purchased in bulk,bulk,purchased,purchase",Shelf Stable Foods,730.0,1095.0,,,,,,,
471,Cajun seasoning blend ,"ground, dried, commercially bottled or purchased in bulk","Cajun seasoning blend,Cajun,seasoning,blend,Cajun seasoning,seasoning blend,ground,dried,commercially bottled,commercially,bottled,bottle,commercial,purchased in bulk,bulk,purchased,purchase",Shelf Stable Foods,365.0,730.0,,,,,,,
472,Cinnamon,"ground, dried, commercially bottled or purchased in bulk","Cinnamon,ground,dried,commercially bottled,commercially,bottled,bottle,commercial,purchased in bulk,bulk,purchased,purchase",Shelf Stable Foods,1095.0,1460.0,,,,,,,
473,Cumin,"ground, dried, commercially bottled or purchased in bulk, opened or unopened","Cumin,ground,dried,commercially bottled,commercially,bottled,bottle,commercial,purchased in bulk,bulk,purchased,purchase,opened,unopened,open,unopen",Shelf Stable Foods,1095.0,1460.0,,,,,,,
474,Garlic powder,"dried, commercially bottled or purchased in bulk","Garlic powder,garlic,powder,dried,commercially bottled,commercially,bottled,bottle,commercial,purchased in bulk,bulk,purchased,purchase",Shelf Stable Foods,1095.0,1460.0,,,,,,,
475,Onion powder ,"dried, commercially bottled or purchased in bulk","Onion powder,onion,powder,dried,commercially bottled,commercially,bottled,bottle,commercial,purchased in bulk,bulk,purchased,purchase",Shelf Stable Foods,1095.0,1460.0,,,,,,,
476,Nutmeg,"ground, dried, commercially bottled or purchased in bulk","Nutmeg,ground,dried,commercially bottled,commercially,bottled,bottle,commercial,purchased in bulk,bulk,purchased,purchase",Shelf Stable Foods,1095.0,1460.0,,,,,,,
477,Nacho cheese ,store bought,"Nacho cheese,nacho,cheese,store bought,store",Dairy Products & Eggs,730.0,730.0,,,,,90.0,90.0,
478,Star fruit,,"Star fruit,fruit,fruits",Produce / Fresh Fruits,7.0,7.0,,7.0,14.0,,300.0,360.0,
479,Prickly pear ,,"Prickly pear,pear,pickle",Produce / Fresh Fruits,2.0,5.0,,7.0,14.0,,300.0,360.0,
480,Pitaya/dragon fruit,,"Pitaya,dragon fruit,fruit,fruits",Produce / Fresh Fruits,2.0,5.0,,14.0,21.0,,300.0,360.0,
481,Strawberries,,"Strawberries,strawberry",Produce / Fresh Fruits,,,,2.0,3.0,,240.0,360.0,
482,Raspberries,,"Raspberries,raspberry",Produce / Fresh Fruits,,,,2.0,3.0,,240.0,360.0,
483,Cherries,,"Cherries,cherry",Produce / Fresh Fruits,,,,2.0,3.0,,240.0,360.0,
484,Broth,homemade,"Broth,homemade","Condiments, Sauces & Canned Goods",,,,3.0,4.0,,60.0,90.0,
485,Beef broth/stock/consommé ,commercially produced,"Beef broth, beef stock,beef consommé,consommé,commercially produced","Condiments, Sauces & Canned Goods",,,Package use-by date,7.0,7.0,,60.0,90.0,
486,Chicken broth/stock/consommé ,commercially produced,"Chicken broth,chicken stock,consommé,commercially produced","Condiments, Sauces & Canned Goods",,,Package use-by date,7.0,7.0,,60.0,90.0,
487,Vegetable stock/broth ,commercially produced,"Vegetable stock,Vegetable broth,broth,commercial vegetable stock,commercial vegetable broth,vegetable","Condiments, Sauces & Canned Goods",,,Package use-by date,7.0,7.0,,60.0,90.0,
488,Peanut butter,"commercially produced, containing hydrogenated fat or other stabilizers","Peanut butter,butter,commercial peanut butter, hydrogenated fat,fat,stabilizers,stabilizer",Shelf Stable Foods,180.0,270.0,,360.0,360.0,,,,
489,Peanut butter,natural,"Peanut butter,butter,natural",Shelf Stable Foods,,,,360.0,360.0,,,,
490,Ricotta,,Ricotta,Dairy Products & Eggs,,,,14.0,14.0,,,,Not Recommended
491,Baby carrots,,"Baby carrots, carrot,baby carrot",Produce / Fresh Vegetables,4.0,4.0,,28.0,28.0,,90.0,90.0,
492,Jicama,fresh,"Jicama,fresh",Produce / Fresh Vegetables,120.0,120.0,,14.0,21.0,,,,
493,Kimchi,,Kimchi,Produce / Fresh Vegetables,,,,180.0,360.0,,,,
494,Kohlrabi,,Kohlrabi,Produce / Fresh Vegetables,,,,7.0,7.0,,240.0,360.0,
495,Watermelon,,Watermelon,Produce / Fresh Fruits,1.0,2.0,,3.0,4.0,,360.0,360.0,
496,Cantaloupe,,Cantaloupe,Produce / Fresh Fruits,2.0,4.0,,5.0,15.0,,360.0,360.0,
497,Honeydew,,Honeydew,Produce / Fresh Fruits,2.0,7.0,,3.0,4.0,,360.0,360.0,
498,Peanuts ,"boiled, shelled","Peanuts,boiled, shelled,peanut","Grains, Beans & Pasta",1095.0,1095.0,,,,,,,Indefinitely
499,Refried beans,,"Refried beans,refried bean","Grains, Beans & Pasta",1095.0,1095.0,,,,,,,
500,Relish,,Relish,"Condiments, Sauces & Canned Goods",900.0,900.0,,270.0,270.0,,,,
501,Tomato paste,,Tomato paste,Shelf Stable Foods,810.0,810.0,,,,,60.0,90.0,
502,Tapenade,,Tapenade,Shelf Stable Foods,270.0,270.0,,270.0,270.0,,,,
503,Flaxseed,whole seed,"Flaxseed,whole seed,seed",Shelf Stable Foods,730.0,730.0,,,,,,,
504,Flaxseed,ground,"Flaxseed,ground",Shelf Stable Foods,,,,360.0,360.0,,360.0,360.0,
505,Lemongrass,,Lemongrass,Produce / Fresh Vegetables,,,,7.0,9.0,,180.0,180.0,
506,Cilantro,,Cilantro,Produce / Fresh Vegetables,7.0,14.0,,14.0,21.0,,,,
507,Mint,,Mint,Produce / Fresh Vegetables,7.0,14.0,,14.0,21.0,,,,
508,Basil,dried,"Basil,dried",Produce / Fresh Vegetables,360.0,360.0,,,,,,,
509,Basil,fresh,"Basil,fresh",Produce / Fresh Vegetables,5.0,5.0,,10.0,10.0,,,,
510,Oregano,,Oregano,Produce / Fresh Vegetables,7.0,14.0,,14.0,21.0,,,,
511,Rosemary,,Rosemary,Produce / Fresh Vegetables,7.0,14.0,,14.0,21.0,,,,
512,Chives,,Chives,Produce / Fresh Vegetables,7.0,14.0,,14.0,21.0,,,,
513,Thyme,,Thyme,Produce / Fresh Vegetables,7.0,14.0,,14.0,21.0,,,,
514,Turkey ,"pre-packaged, luncheon/deli meat","Turkey,pre-packaged,luncheon/deli meat,packaged,luncheon,deli",Deli & Prepared Foods,,,,14.0,14.0,,30.0,60.0,
515,Ham,"pre-packaged, luncheon/deli meat","Ham,pre-packaged,luncheon/deli meat,packaged,luncheon,deli",Deli & Prepared Foods,,,,14.0,14.0,,30.0,60.0,
516,Salami ,"pre-packaged, luncheon/deli meat","Salami,pre-packaged,luncheon meat,deli meat,packaged,luncheon/deli,pre",Deli & Prepared Foods,,,,14.0,14.0,,30.0,60.0,
517,Chicken,"pre-packaged, luncheon/deli meat","Chicken,pre-packaged,luncheon meat,deli meat,packaged",Deli & Prepared Foods,,,,14.0,14.0,,30.0,60.0,
518,Canadian bacon,whole,"Canadian bacon,bacon,whole",Deli & Prepared Foods,,,,14.0,14.0,,60.0,60.0,
519,Canadian bacon,sliced,"Canadian bacon,bacon,sliced",Deli & Prepared Foods,,,,80.0,80.0,,360.0,360.0,
520,Canola oil,,"Canola oil,canola",Shelf Stable Foods,365.0,365.0,,,,,,,
521,Almond oil,,"Almond oil,almond",Shelf Stable Foods,365.0,365.0,,730.0,730.0,,,,
522,Sunflower oil,,"Sunflower oil,oil,sunflower",Shelf Stable Foods,365.0,365.0,,,,,,,
523,Grapeseed oil,,"Grapeseed oil,grapeseed,oil",Shelf Stable Foods,365.0,365.0,,,,,,,
524,Duck fat,,"Duck fat,duck","Condiments, Sauces & Canned Goods",,,,30.0,30.0,,,,
525,Bacon grease,,"Bacon grease,bacon,grease","Condiments, Sauces & Canned Goods",,,,180.0,180.0,,360.0,360.0,
526,Frying oil,re-used,"Frying oil,re-used oil,oil","Condiments, Sauces & Canned Goods",,,,30.0,30.0,,180.0,270.0,
527,Almond extract,,Almond extract,Baked Goods / Baking and Cooking,730.0,730.0,,,,,,,
528,Cinnamon extract,,Cinnamon extract,Baked Goods / Baking and Cooking,730.0,730.0,,,,,,,
529,Lemon extract,,"Lemon extract,lemon",Baked Goods / Baking and Cooking,730.0,730.0,,,,,,,
530,Pure vanilla extract,,"vanilla,vanila extract",Baked Goods / Baking and Cooking,730.0,730.0,,,,,,,
531,Butter flavor,,"Butter flavor,butter",Baked Goods / Baking and Cooking,730.0,730.0,,,,,,,
532,Coconut flavor,,"Coconut flavor,coconut",Baked Goods / Baking and Cooking,730.0,730.0,,,,,,,
533,"""Genuine"" Maple syrup","unopened, glass","Genuine Maple syrup,syrup,unopened, glass",Shelf Stable Foods,1460.0,1460.0,,,,Indefinitely,,,
534,"""Genuine"" Maple syrup","unopened, plastic","Genuine Maple syrup,syrup,unopened, plastic",Shelf Stable Foods,730.0,730.0,,540.0,720.0,,,,
536,Lemon juice,fresh squeezed,"Lemon juice,juice,fresh squeezed,squeezed,juices",Beverages,,,,6.0,6.0,,360.0,360.0,
537,Apple juice,fresh squeezed,"Apple juice,juice,fresh squeezed,squeezed,juices,apple",Beverages,,,,6.0,6.0,,360.0,360.0,
538,Carrot juice,fresh squeezed,"Carrot juice,juice,fresh squeezed,squeezed,juices",Beverages,,,,6.0,6.0,,360.0,360.0,
539,Hard liquors,,"Hard liquors,liquor",Beverages,,,Indefinitely,,,,,,
540,Cream liquors,unopened,"Cream liquors,liquors,unopened,liquor",Beverages,180.0,240.0,,,,,,,
541,Coffee,"commercial ground, non-vacuum","Coffee,commercial ground, non-vacuum",Beverages,730.0,730.0,,,,,180.0,360.0,
542,Macaroons,french,"Macaroons,Macaroon,french",Baked Goods / Bakery,1.0,2.0,,,,,90.0,90.0,
543,Milk,lactose-free,"Milk,lactose,lactose-free",Dairy Products & Eggs,,,,,,,,,Not Recommended
544,String Cheese,,"String Cheese,cheese",Dairy Products & Eggs,,,,150.0,150.0,,,,
545,Vegan Cheddar Cheese,,"Vegan Cheddar Cheese,cheese,cheddar",Dairy Products & Eggs,,,,120.0,120.0,,,,
546,Quark,fresh cheese,"Quark,fresh cheese,cheese",Dairy Products & Eggs,,,,7.0,10.0,,,,
547,Zucchini,"fresh, whole","Zucchini,fresh, whole",Produce / Fresh Vegetables,,,,7.0,7.0,,300.0,300.0,
548,Hot peppers,,"Hot peppers,pepper",Produce / Fresh Vegetables,,,,7.0,7.0,,270.0,270.0,
549,Bean sprouts,,"Bean sprouts,bean,sprouts",Produce / Fresh Vegetables,,,,5.0,10.0,,,,
550,Swiss chard,,"Swiss chard,chard",Produce / Fresh Vegetables,,,,7.0,14.0,,,,
551,Puff pastry,,"Puff pastry,pastry,pastries,puff",Baked Goods / Refrigerated Dough,,,,,,,360.0,360.0,
552,Biscuits,refrigerated,"Biscuits,Biscuits,refrigerated",Baked Goods / Refrigerated Dough,,,,,,Package use-by date,,,Not Recommended
553,Tortillas,corn,"Tortillas,corn","Grains, Beans & Pasta",25.0,45.0,,60.0,90.0,,,,
554,Pie crust,refrigerated,"Pie crust,crust,refrigerated,pie",Baked Goods / Refrigerated Dough,,,,,,Package use-by date,60.0,60.0,
555,Granola,,Granola,Shelf Stable Foods,180.0,270.0,,,,,,,
556,Pork rinds,,"Pork rinds,pork,rinds",Shelf Stable Foods,120.0,120.0,,,,,,,
557,Apple cider vinegar,,"Apple cider vinegar,Apple cider, vinegar,cider,apple","Condiments, Sauces & Canned Goods",,,Indefinitely,,,,,,
558,Nutrition supplement drinks,canned,"Nutrition supplement drinks,drinks,canned,supplement,Boost,Ensure",Beverages,730.0,1825.0,,,,,,,
559,Hot sauce,,"Hot sauce,sauce","Condiments, Sauces & Canned Goods",180.0,180.0,,,,,,,
560,Thai red curry paste,,"Thai red curry paste,red curry paste,curry paste,paste,curry","Condiments, Sauces & Canned Goods",730.0,730.0,,,,,,,
561,Yeast,packaged,"Yeast,packaged",Baked Goods / Baking and Cooking,730.0,730.0,,,,,180.0,180.0,
562,Applesauce,homemade,"Applesauce,homemade",Produce / Fresh Fruits,,,,21.0,21.0,,240.0,360.0,
563,Pate,meat ,"Pate,meat",Meat / Smoked or Processed,,,,7.0,7.0,,,,
564,Pate,poultry,"Pate,poultry",Poultry / Cooked or Processed,,,,7.0,7.0,,,,
565,Cranberry sauce,canned,"Cranberry sauce,sauce,canned","Condiments, Sauces & Canned Goods",730.0,730.0,,,,,,,
566,Cranberry sauce,homemade,"Cranberry sauce,sauce,homemade","Condiments, Sauces & Canned Goods",,,,7.0,10.0,,,,
567,Vegetable juice,shelf-stable,"Vegetable juice,stable,shelf,shelf-stable",Beverages,540.0,540.0,,,,,,,
568,Vegetable juice,"commercial, sold refrigerated","Vegetable juice,commercial,refrigerated,vegetable",Beverages,,,,,,Package use-by date,,,
569,Vegetable juice,homemade,"Vegetable juice,juices,homemade,vegetable",Beverages,,,,,,,,,
570,Marinated vegetables,in oil,"Marinated vegetables,vegetables,oil,vegetable",Produce / Fresh Vegetables,,,,3.0,4.0,,,,
571,Pizza,frozen,"Pizza,frozen",Food Purchased Frozen,,,,3.0,4.0,,360.0,360.0,
572,Salsa,fresh,"Salsa,fresh",Deli & Prepared Foods,,,,4.0,7.0,,,,
573,Chia seeds,,"Chia seeds,chia,seed,seeds",Shelf Stable Foods,540.0,540.0,,,,,,,
574,Bread,homemade,"Bread,Breads,homemade",Baked Goods / Bakery,3.0,5.0,,60.0,90.0,,,,
575,Amaranth,whole grain,"Amaranth,whole grain,grain","Grains, Beans & Pasta",120.0,120.0,,,,,240.0,240.0,
576,Amaranth,"flour, meal","Amaranth,flour,meal",Baked Goods / Baking and Cooking,60.0,60.0,,,,,120.0,120.0,
577,Barley,whole grain,"Barley,whole grain,grain","Grains, Beans & Pasta",180.0,180.0,,,,,360.0,360.0,
578,Barley,"flour, meal","Barley,flour, meal",Baked Goods / Baking and Cooking,90.0,90.0,,,,,180.0,180.0,
579,Buckwheat,whole grain,"Buckwheat,whole grain,grain","Grains, Beans & Pasta",60.0,60.0,,,,,120.0,120.0,
580,Buckwheat,"flour, meal","Buckwheat,flour, meal,meal",Baked Goods / Baking and Cooking,30.0,30.0,,,,,60.0,60.0,
581,Farro,whole grain,"Farro,whole grain,grain","Grains, Beans & Pasta",180.0,180.0,,,,,360.0,360.0,
582,Farro,"flour, meal","Farro,flour, meal",Baked Goods / Baking and Cooking,90.0,90.0,,,,,180.0,180.0,
583,Millet,whole grain,"Millet,whole grain,grain","Grains, Beans & Pasta",60.0,60.0,,,,,120.0,120.0,
584,Millet,"flour, meal","Millet,flour, meal",Baked Goods / Baking and Cooking,30.0,30.0,,,,,60.0,60.0,
585,Oats,whole grain,"Oat,Oats,whole grain,grain","Grains, Beans & Pasta",120.0,120.0,,,,,240.0,240.0,
586,Oats,"flour, meal","Oats,Oat,flour, meal",Baked Goods / Baking and Cooking,60.0,60.0,,,,,120.0,120.0,
587,Rye,whole grain,"Rye,whole grain,grain","Grains, Beans & Pasta",180.0,180.0,,,,,360.0,360.0,
588,Rye,"flour, meal","Rye,flour, meal",Baked Goods / Baking and Cooking,90.0,90.0,,,,,180.0,180.0,
589,Sorghum,whole grain,"Sorghum,whole grain,grain","Grains, Beans & Pasta",120.0,120.0,,,,,240.0,240.0,
590,Sorghum,"flour, meal","Sorghum,flour, meal",Baked Goods / Baking and Cooking,60.0,60.0,,,,,120.0,120.0,
591,Spelt,whole grain,"Spelt,whole grain,grain","Grains, Beans & Pasta",180.0,180.0,,,,,360.0,360.0,
592,Spelt,"flour, meal","Spelt,flour, meal",Baked Goods / Baking and Cooking,90.0,90.0,,,,,180.0,180.0,
593,Teff,whole grain,"Teff,whole grain,grain","Grains, Beans & Pasta",120.0,120.0,,,,,240.0,240.0,
594,Teff,"flour, meal","Teff,flour, meal",Baked Goods / Baking and Cooking,60.0,60.0,,,,,120.0,120.0,
595,Rabbit,"whole, fresh","Rabbit,whole, fresh",Meat / Fresh,,,,2.0,2.0,,270.0,270.0,
596,Spaghetti squash,whole,"Spaghetti squash,squash,whole",Produce / Fresh Vegetables,60.0,60.0,,7.0,14.0,,,,
597,Spaghetti squash,cut,"Spaghetti squash,squash,cut",Produce / Fresh Vegetables,,,,4.0,5.0,,,,
598,Garam masala,,Garam masala,Baked Goods / Baking and Cooking,365.0,365.0,,,,,,,
599,Tomato sauce,"spaghetti, pizza","Tomato sauce,sauce,spaghetti, pizza","Condiments, Sauces & Canned Goods",,,Package use-by date,,,,,,
600,Cherry tomatoes,,"Cherry, tomatoes,tomato",Produce / Fresh Vegetables,10.0,10.0,,5.0,5.0,,,,
601,Coconut cream,canned,"coconut cream,coconut,cream,canned,can",Shelf Stable Foods,730.0,1825.0,,,,,90.0,90.0,
602,Coconut milk,canned,"coconut milk,coconut,milk,canned,can",Shelf Stable Foods,730.0,1825.0,,,,,90.0,90.0,
603,Coleslaw,"homemade, prepared","coleslaw,homemade,homemade coleslaw,prepared,prepared coleslaw",Deli & Prepared Foods,,,,3.0,5.0,,,,
604,Pumpkin seeds,"raw, no shell","pumpkin,pumpkin seed,pumpkin seeds,seed,seeds",Shelf Stable Foods,180.0,180.0,,180.0,180.0,,,,
605,Pumpkin seeds,"raw, in-shell","pumpkin,pumpkin seed,pumpkin seeds,seed,seeds",Shelf Stable Foods,180.0,180.0,,,,Not Recommended,,,
606,Pumpkin seeds,"roasted, no-shell","pumpkin,pumpkin seed,pumpkin seeds,seed,seeds",Shelf Stable Foods,180.0,180.0,,,,,,,
607,Pumpkin seeds,"roasted, in-shell","pumpkin,pumpkin seed,pumpkin seeds,seed,seeds",Shelf Stable Foods,180.0,180.0,,,,,,,
608,Sunflower seeds,"raw, unsalted, no shell","sunflower,sunflower seed,sunflower seeds,seed,seeds",Shelf Stable Foods,360.0,360.0,,,,,,,
609,Sunflower seeds,"roasted, no shell","sunflower,sunflower seed,sunflower seeds,seed,seeds,kernal,shell",Shelf Stable Foods,360.0,360.0,,,,,,,
610,Sunflower seeds,"roasted, salted, in shell","sunflower,sunflower seed,sunflower seeds,seed,seeds",Shelf Stable Foods,,,Package use-by date,,,,,,
611,Parsley,fresh,parsley,Produce / Fresh Vegetables,,,,2.0,3.0,,90.0,120.0,
612,Sesame oil,,"sesame oil,sesame,oil",Shelf Stable Foods,730.0,730.0,,,,,,,
613,Sesame seeds,,"sesame seeds,sesame,seeds,seed",Shelf Stable Foods,1825.0,1825.0,,,,,,,
614,Capers,in jar,"capers,caper,jar capers,in jar,jar",Shelf Stable Foods,,,Package use-by date,,,,,,
615,Chocolate hazlenut spread,,"hazelnut spread, spread, hazelnut, chocolate spread, chocolate,Nutella,cocoa,cocoa spread",Shelf Stable Foods,,,Package use-by date,,,,,,
616,"Roasted nuts (peanuts, cashews, almonds)",,"roasted nuts,roasted,nuts,roasted peanuts,roasted almonds,roasted cashews,almonds,cashews,peanuts",Shelf Stable Foods,,,Package use-by date,,,,,,
617,Tuna,packet,"tuna packet,tuna,packet,retort,retort packaging",Shelf Stable Foods,540.0,540.0,,,,,,,
618,Tuna,canned,"canned tuna,tuna,canned",Shelf Stable Foods,1095.0,1095.0,,,,,,,
619,Seafood,canned,"canned seafood,seafood,canned",Shelf Stable Foods,365.0,365.0,,,,,,,
620,Pimento cheese,packaged,"pimento cheese,pimento,cheese",Dairy Products & Eggs,,,,,,Package use-by date,,,
621,Bison,whole,"bison whole,bison,whole",Meat / Fresh,,,,3.0,5.0,,180.0,270.0,
622,Bison,ground,"ground bison,bison,ground",Meat / Fresh,,,,1.0,2.0,,90.0,120.0,
623,Salad dressing,creamy,"creamy salad dressing,salad,dressing,salad dressing,creamy","Condiments, Sauces & Canned Goods",180.0,180.0,,,,,,,
624,Salad dressing,"vinaigrette,homemade","salad dressing,vinaigrette,salad,dressing,homemade","Condiments, Sauces & Canned Goods",,,,14.0,21.0,,,,
625,Salad dressing,vinaigrette,"salad dressing,vinaigrette,salad,dressing","Condiments, Sauces & Canned Goods",180.0,180.0,,,,,,,
626,Salad dressing,"dry,packaged","salad dressing,salad,dressing,dry,packaged,package,powdered,powder","Condiments, Sauces & Canned Goods",,,Package use-by date,,,,,,
627,Grits,boxed,"boxed grits,grits,boxed,box",Shelf Stable Foods,360.0,360.0,,,,,,,
628,Cheese Curds,"fresh, unaged","cheese curd,cheese,curd,curds,cheese curds",Dairy Products & Eggs,,,,14.0,14.0,,120.0,120.0,
629,Vegetable soup,homemade,"vegetable soup,vegetable,soup",Deli & Prepared Foods,,,,3.0,4.0,,90.0,90.0,
630,Chorizo,fresh,"fresh chorizo,chorizo",Meat / Fresh,,,,1.0,2.0,,30.0,60.0,
631,Chorizo,"smoked and processed, uncooked","smoked chorizo,chorizo,processed chorizo,smoked,processed,uncooked,uncooked processed chorizo,uncooked smoked chorizo",Meat / Smoked or Processed,,,,7.0,7.0,,30.0,60.0,
632,Chorizo,"smoked and processed, cooked","smoked chorizo,chorizo,processed chorizo,smoked,processed,cooked,cooked processed chorizo,cooked smoked chorizo",Meat / Smoked or Processed,365.0,365.0,,,,,180.0,180.0,
633,Beets,pickled,"pickled beets,beets,pickled",Shelf Stable Foods,365.0,365.0,,,,,,,
634,Cinnamon rolls,"unbaked, tube","cinnamon rolls,cinnamon roll,cinnamon,roll,rolls",Baked Goods / Refrigerated Dough,,,,,,Package use-by date,,,
635,Cinnamon rolls,baked,"cinnamon rolls,cinnamon roll,cinnamon,roll,rolls",Baked Goods / Baking and Cooking,1.0,3.0,,,,,90.0,90.0,
636,Cooking wine,,"cooking wine,wine,cooking","Condiments, Sauces & Canned Goods",,,Package use-by date,,,Package use-by date,,,
637,Bulgur,,bulgur,"Grains, Beans & Pasta",180.0,360.0,,,,,,,
638,Bratwurst,fresh,"fresh brautwurst,brautwurst,fresh",Meat / Fresh,,,,2.0,3.0,,60.0,90.0,
639,Bratwurst,smoked and processed,"smoked brautwurst,processed brautwurst,bratwurst,smoked,processed",Meat / Smoked or Processed,,,,5.0,7.0,,60.0,90.0,
640,Edamame,fresh,"edamame,fresh,fresh edamame,soybeans,soybean",Produce / Fresh Vegetables,,,,4.0,5.0,,,,
641,Edamame,frozen,"edamame,frozen,frozen edamame,soybean,soybeans",Food Purchased Frozen,,,,,,,730.0,730.0,
642,Edamame,"salted, dry roasted, out of pod","edamame,soybean,soybeans,salted,roasted,dry roasted",Shelf Stable Foods,360.0,360.0,,180.0,180.0,,,,
643,Breadcrumbs,commercial,"breadcrumbs,breadcrumb",Shelf Stable Foods,180.0,180.0,,,,,,,
644,Milk ,shelf-stable,"shelf stable milk,milk,shelf,stable,UHT,ultrapasteurized,aseptic packaging",Shelf Stable Foods,180.0,360.0,,,,,,,
645,Salsa,"homemade, fresh","homemade salsa,homemade,salsa",Deli & Prepared Foods,,,,5.0,7.0,,360.0,360.0,
646,Salsa,"homemade, canned","homemade salsa,homemade,salsa","Condiments, Sauces & Canned Goods",270.0,360.0,,,,,,,
647,Tomato Sauce,"homemade, canned","homemade tomato sauce,homemade sauce,homemade spaghetti sauce,spaghetti sauce,tomato sauce,homemade","Condiments, Sauces & Canned Goods",270.0,360.0,,,,,,,
648,Barbecue Sauce,"homemade, canned","homemade barbecue sauce,homemade sauce,homemade BBQ sauce,BBQ sauce,barbecue sauce","Condiments, Sauces & Canned Goods",270.0,360.0,,,,,,,
649,Ghee,,"ghee,clarified butter,clarified,butter",Dairy Products & Eggs,180.0,240.0,,365.0,730.0,,,,
650,Corn syrup,,"corn syrup,corn,syrup",Shelf Stable Foods,1095.0,1095.0,,,,,,,
651,Nutrition supplement drinks,bottled,"Nutrition supplement drinks,drinks,bottled,supplement",Shelf Stable Foods,,,Package use-by date,,,,,,
652,Instant breakfast drinks,bottled,"instant breakfast drinks,instant,breakfast,drinks,instant breakfast,instant drink,carnation,bottled instant breakfast drink,bottled instant breakfast,bottled breakfast",Shelf Stable Foods,180.0,180.0,,,,,,,
653,Pine nuts,,"pine nuts,pine nut,pine,nut,nuts",Shelf Stable Foods,14.0,21.0,,90.0,90.0,,270.0,270.0,
654,Coconut flour,,"coconut flour,coconut,flour",Baked Goods / Baking and Cooking,,,,270.0,360.0,,270.0,360.0,
655,Pecans,chopped,"chopped pecans,pecan,pecans,chopped",Shelf Stable Foods,,,,360.0,360.0,,730.0,730.0,
656,Polenta,shelf-stable,"polenta,shelf stable,shelf stable polenta",Shelf Stable Foods,,,Package use-by date,,,,,,Not Recommended
657,Polenta,frozen,"polenta,frozen,frozen polenta",Food Purchased Frozen,,,,,,,360.0,360.0,
658,Cereal or granola bars,,"bars,bar,granola bars,granola bar,granola,cereal bars,cereal bar,nutrition bars,nutrition bar,energy bars,energy bar,health bars,health bar,fruit bars,fruit bar,snack bars,snack barsnack,,nut bars,nut bar,seed bars,seed bar,crunchy bars,crunchy bar,breakfast,breakfast bar,breakfast bars",Shelf Stable Foods,180.0,360.0,,,,,,,
659,Milk ,ultra-pasteurized,"ultra pasteurized milk,milk,pasteurized,ultra",Shelf Stable Foods,,,,30.0,90.0,,,,
660,Coconut water,,"coconut water,coconut,water",Beverages,360.0,360.0,,,,,,,
661,Celery root,,"celeriac,celery root,celery",Produce / Fresh Vegetables,,,,7.0,7.0,,,,
662,Apple cider,fresh,"apple cider,apple,cider",Beverages,2.0,3.0,,14.0,21.0,,,,Indefinitely
663,Yuzu juice,,"yuzu juice,yuzu,juice",Beverages,120.0,180.0,,270.0,360.0,,365.0,730.0,
664,Yuzu,"fruit, fresh","yuzu,yuzu fruit",Beverages,,,,5.0,7.0,,,,Indefinitely
665,Pastrami,,pastrami,Meat / Smoked or Processed,,,,40.0,40.0,,,,
666,Kugel,commercial,"kugel,commercial,commercial kugel",Food Purchased Frozen,,,,,,,365.0,365.0,
667,Kugel,homemade,"kugel,homemade,homemade kugel",Deli & Prepared Foods,,,,3.0,4.0,,30.0,30.0,
668,Avocado Oil,,"avodaco oil,avocado,oil",Shelf Stable Foods,730.0,730.0,,,,,,,
669,Balsamic vinegar,,"balsamic vinegar,balsamic,vinegar","Condiments, Sauces & Canned Goods",1095.0,1825.0,,,,,,,
670,Aioli,homemade,"garlic aioli,aioli,garlic,mayonnaise,mayo,garlic mayo,garlic mayonnaise,mayo","Condiments, Sauces & Canned Goods",,,,3.0,4.0,,,,
671,Salad dressing,homemade,"homemade salad dressing,homemade,salad dressing,salad,dressing","Condiments, Sauces & Canned Goods",,,,,,,,,
672,Base,"beef, vegetable","beef base,vegetable base,base,beef,vegetable",Shelf Stable Foods,,,Package use-by date,,,,,,
673,Anchovies,canned,"anchovies,anchovy,canned anchovies","Condiments, Sauces & Canned Goods",1825.0,1825.0,,,,,60.0,60.0,
674,Radicchio,,radicchio,Produce / Fresh Vegetables,,,,14.0,21.0,,,,
675,Prosciutto,,prosciutto,Meat / Smoked or Processed,,,,60.0,90.0,,30.0,30.0,
676,Ham ,"uncured, fresh, cooked","ham,uncured,fresh,cooked,uncured ham,fully cooked,fully cooked uncured ham",Meat / Smoked or Processed,,,,3.0,4.0,,90.0,120.0,
677,Ham ,"uncured, fresh, uncooked","ham,uncured,fresh,uncooked,uncured ham,uncured ham uncooked",Meat / Fresh,,,,3.0,5.0,,180.0,180.0,
678,Arugula,,"arugula,greens,salad greens,salad",Produce / Fresh Vegetables,,,,3.0,7.0,,,,
679,Mung bean,sprouts,"sprouted mung beans,sprouted mung bean,sprout,mung beans,mung bean,mung,bean,mungbean,sprouts","Grains, Beans & Pasta",,,,28.0,42.0,,,,
680,Mung bean,"dry, food-grade bags","mung beans,mung bean,mung,bean,dry mung beans,dry,bag,bagged mung beans","Grains, Beans & Pasta",365.0,365.0,,365.0,365.0,,365.0,365.0,
681,Mung bean,"dry, vacuum-sealed","mung beans,mung bean,mung,bean,dry mung beans,dry,vacuum sealed,vacuum sealed mung beans","Grains, Beans & Pasta",2920.0,3650.0,,,,,,,
682,Croutons,,"croutons,crouton,bread",Shelf Stable Foods,150.0,180.0,,150.0,180.0,,330.0,360.0,
683,Bacon,uncured,"uncured bacon,nitrite-free bacon,natural bacon,uncured,nitrite-free,nitrite,natural,bacon",Meat / Smoked or Processed,,,,4.0,7.0,,21.0,28.0,
684,Mustard,"dried, ground","mustard,dried mustard,ground mustard,dried ground mustard",Shelf Stable Foods,180.0,180.0,,,,,365.0,730.0,
